Date,SKU0,SKU1,SKU2,SKU3,SKU4,SKU5,SKU6,SKU7,SKU8,SKU9,SKU10,SKU11,SKU12,SKU13,SKU14,SKU15,SKU16,SKU17,SKU18,SKU19,SKU20,SKU21,SKU22,SKU23,SKU24,SKU25,SKU26,SKU27,SKU28,SKU29,SKU30,SKU31,SKU32,SKU33,SKU34,SKU35,SKU36,SKU37,SKU38,SKU39,SKU40,SKU41,SKU42,SKU43,SKU44,SKU45,SKU46,SKU47,SKU48,SKU49,SKU50,SKU51,SKU52,SKU53,SKU54,SKU55,SKU56,SKU57
2010/12/1,32,21,297,24,1,19,30,17,10,62,1,45,6,57,19,24,11,22,52,35,26,4,15,81,25,142,2,1,104,10,70,21,10,22,8,8,89,6,7,14,131,21,5,7,14,2,6,1,1,5,3,80,3,58,7,1,2,22
2010/12/2,37,29,180,40,4,22,57,6,9,120,1,31,8,94,38,65,29,17,41,36,8,6,22,68,41,327,3,3,161,11,82,23,62,34,3,12,173,10,16,38,154,24,8,10,10,16,10,1,1,11,5,32,2,65,267,4,6,52
2010/12/3,34,29,297,66,2,20,45,19,13,123,3,37,2,56,20,4,17,12,51,42,21,16,23,69,40,309,3,4,102,6,83,14,107,38,5,18,144,4,25,58,290,18,6,6,10,23,32,12,6,10,5,28,22,184,207,5,6,50
2010/12/4,43,106,477,67,3,24,23,36,20,164,6,64,9,133,31,13,43,18,58,54,14,7,29,109,74,455,1,3,121,1,102,20,92,30,2,9,82,8,27,103,250,4,12,8,13,45,40,5,1,3,3,94,37,191,212,2,12,49
2010/12/5,46,22,489,66,1,37,18,37,21,164,4,56,9,99,43,10,46,76,68,60,26,11,30,96,57,505,3,5,109,7,65,19,11,48,2,12,42,4,26,128,509,7,5,3,6,49,15,72,2,11,1,104,28,129,166,1,14,135
2010/12/6,54,69,272,29,4,59,59,13,13,86,2,32,13,51,17,1,11,78,30,62,19,2,12,147,22,268,4,6,69,2,61,6,14,43,7,1,44,3,10,47,575,15,19,12,7,28,13,22,1,24,24,55,41,55,35,2,7,508
2010/12/7,47,124,428,37,2,39,43,22,18,61,2,38,7,51,12,13,21,28,34,40,14,5,13,137,32,357,7,5,59,4,44,16,10,41,10,5,90,8,28,43,246,18,16,3,18,22,38,4,1,29,3,54,9,34,54,1,4,64
2010/12/8,34,15,375,38,2,19,26,33,43,96,5,41,4,75,32,4,20,27,36,32,19,7,17,59,77,336,3,5,75,4,66,22,24,46,16,17,146,200,33,52,195,7,7,26,22,39,55,1,6,41,3,57,15,59,114,4,8,80
2010/12/9,30,28,601,106,3,21,31,46,48,145,1,36,8,112,66,14,35,47,70,60,13,8,45,79,93,526,18,2,66,8,62,29,21,36,14,17,227,138,48,48,305,10,16,9,13,44,73,2,7,12,4,56,16,78,290,12,11,129
2010/12/10,34,26,430,18,2,32,34,32,33,133,2,59,3,68,32,8,24,46,57,49,9,5,32,106,72,401,29,8,72,3,74,16,22,28,1,28,280,135,42,50,310,28,100,6,28,78,54,10,1,17,4,70,36,153,83,6,12,16
2010/12/11,59,54,387,14,6,25,22,25,20,107,3,38,9,114,43,12,16,24,66,44,23,17,31,155,59,357,16,1,63,1,80,32,45,41,3,12,98,63,163,83,305,80,135,14,20,76,15,12,1,9,2,111,15,183,85,3,21,2
2010/12/12,53,61,258,11,3,12,41,22,37,100,1,25,8,79,30,9,15,73,36,31,22,16,13,116,14,214,124,8,53,3,55,12,19,60,1,8,88,58,204,85,414,25,20,13,26,26,21,26,1,16,2,131,2,53,66,13,20,287
2010/12/13,66,32,251,31,5,48,32,12,23,100,2,31,9,67,13,5,7,41,44,62,20,6,11,141,32,258,73,2,50,3,53,15,23,49,2,5,125,48,71,37,35,26,16,16,20,41,21,34,13,26,3,42,10,60,103,27,15,70
2010/12/14,31,36,291,31,6,47,54,18,37,90,3,27,5,66,17,4,2,30,44,30,13,7,15,80,43,248,108,8,44,4,56,11,30,32,2,6,154,61,106,77,173,32,18,29,31,27,18,27,1,28,4,49,23,47,139,8,10,3
2010/12/15,36,27,236,37,2,15,39,26,126,103,1,43,2,58,27,2,7,65,44,49,14,11,11,61,43,328,123,14,40,2,55,10,52,30,29,6,178,101,93,58,304,14,42,22,55,22,24,52,8,31,15,30,32,55,304,17,9,116
2010/12/16,32,30,299,36,2,18,43,13,36,139,3,41,2,74,23,9,12,523,33,39,13,14,7,91,36,362,87,9,60,5,46,18,154,24,27,4,175,146,122,41,239,43,9,20,38,28,43,35,15,36,15,16,68,50,355,8,6,159
2010/12/17,44,15,514,60,2,18,19,19,43,184,2,55,7,145,51,21,27,300,63,64,14,8,36,81,61,483,59,7,77,13,106,20,178,36,21,6,266,172,119,53,249,4,15,18,15,49,20,33,2,18,13,33,41,111,102,3,15,459
2010/12/18,46,14,522,97,5,33,22,32,68,146,2,45,2,96,36,20,32,420,77,89,11,13,38,113,52,513,78,6,91,1,143,27,55,38,19,2,227,74,253,50,559,8,5,19,16,28,14,7,21,12,7,60,20,142,180,5,20,120
2010/12/19,58,25,221,29,8,24,30,12,39,73,2,21,5,80,19,12,10,466,50,59,12,15,16,147,20,334,67,1,24,4,60,20,38,27,13,3,133,61,281,80,462,20,9,20,14,36,28,12,1,13,10,64,35,70,137,3,20,93
2010/12/20,72,23,273,26,10,39,26,11,22,75,1,38,1,65,10,11,10,160,45,53,17,9,15,123,22,261,76,6,57,4,69,13,30,14,14,4,140,75,104,52,130,7,16,15,15,36,32,1,7,13,5,20,25,80,176,8,6,301
2010/12/21,43,17,246,28,10,33,18,8,103,91,3,44,1,64,13,11,14,158,43,48,18,12,18,69,35,322,85,5,53,1,66,11,22,17,18,19,116,91,144,34,202,14,39,30,28,33,19,7,5,15,7,20,22,69,250,16,10,409
2010/12/22,43,25,205,19,2,18,37,14,55,85,3,40,1,78,17,14,17,237,55,39,10,7,22,82,43,245,51,7,50,1,68,21,39,17,22,10,130,97,126,27,393,56,35,13,15,27,14,6,18,45,10,29,37,72,310,12,4,40
2010/12/23,44,25,314,35,3,11,27,14,208,100,2,54,4,84,27,11,14,233,49,40,22,5,20,82,69,296,41,9,56,3,66,11,60,30,1,17,182,295,174,46,196,31,16,9,22,42,5,8,8,36,17,56,50,51,378,3,8,190
2010/12/24,29,12,459,86,10,18,20,18,163,177,5,51,2,129,43,10,35,189,60,59,15,9,46,87,93,461,50,3,67,1,98,20,84,17,6,15,279,188,421,97,310,12,35,23,15,23,7,3,16,13,18,37,42,163,100,8,15,183
2010/12/25,59,9,489,67,14,47,23,26,274,194,1,45,1,106,39,20,34,247,69,71,17,8,33,104,79,457,48,2,46,1,103,35,30,12,9,6,300,89,547,67,557,31,53,14,32,10,3,9,2,21,3,61,33,80,128,1,9,241
2010/12/26,64,7,243,21,12,36,22,12,88,111,1,55,1,62,19,11,22,276,48,54,15,14,22,157,26,274,58,2,67,1,92,16,41,12,1,8,146,64,332,35,530,32,21,15,18,7,1,4,1,21,5,33,36,55,144,13,8,417
2010/12/27,72,14,211,13,4,32,14,22,57,87,1,25,6,74,21,11,17,143,41,33,21,12,26,146,21,258,31,1,46,4,55,19,34,19,1,5,155,75,47,52,154,13,20,10,18,1,6,9,1,21,7,70,27,48,130,11,4,208
2010/12/28,55,17,228,36,7,18,17,5,100,93,3,22,1,58,12,8,11,177,36,41,32,12,19,98,29,309,39,2,43,4,74,3,39,26,10,10,161,82,138,164,222,7,19,11,16,3,25,17,1,31,9,40,46,57,214,29,4,60
2010/12/29,57,29,255,34,6,25,29,13,39,103,1,23,2,74,29,12,19,182,45,51,16,6,19,87,40,262,20,2,24,1,87,9,107,21,4,11,189,118,194,79,301,83,46,15,12,32,26,19,1,53,10,20,29,52,89,36,11,129
2010/12/30,50,23,306,39,3,18,45,12,20,132,3,43,1,82,52,24,16,202,42,56,17,5,16,79,56,308,16,4,23,3,74,13,155,43,8,5,172,205,205,102,281,13,45,14,24,18,26,30,7,59,7,31,52,192,333,7,9,179
2010/12/31,53,19,466,81,2,26,18,59,11,183,1,67,2,145,54,30,21,254,67,65,15,7,35,94,61,475,16,4,30,1,87,23,67,20,7,8,309,211,206,103,368,5,45,20,25,17,29,21,1,42,5,32,56,155,237,8,25,390
2011/1/1,51,19,507,102,1,24,26,37,6,145,3,18,5,117,48,44,27,372,83,82,18,13,50,104,91,515,18,1,35,2,91,18,15,19,1,7,285,90,367,110,699,31,31,25,20,16,8,20,7,54,6,24,29,172,169,18,20,252
2011/1/2,71,12,286,40,2,39,11,32,4,95,3,65,1,78,26,25,21,350,39,61,12,14,27,139,42,396,22,1,19,3,60,16,40,30,1,2,125,82,385,71,662,19,35,8,12,7,15,26,1,56,2,61,45,113,111,11,9,31
2011/1/3,91,13,195,46,18,40,20,19,3,99,1,27,1,82,23,15,15,229,47,32,19,17,17,131,35,399,17,4,24,5,71,13,39,14,1,4,312,88,159,32,223,15,42,13,15,10,35,30,18,52,4,5,31,101,224,19,7,137
2011/1/4,48,23,175,37,8,32,26,14,7,73,1,43,4,71,23,22,27,200,52,43,22,5,13,99,44,335,9,2,35,4,85,15,61,32,1,8,255,96,188,26,272,32,7,26,31,40,87,31,2,83,3,26,28,50,457,44,33,155
2011/1/5,40,20,153,32,8,24,32,17,3,79,5,22,1,74,25,23,22,298,55,37,17,12,10,88,42,306,11,10,27,1,80,11,46,12,2,13,210,108,241,25,294,56,8,12,21,88,57,28,9,101,12,54,40,66,275,42,3,89
2011/1/6,45,27,206,40,3,23,32,27,1,108,2,31,1,96,28,61,23,230,44,36,11,12,21,68,37,312,18,11,23,1,88,16,88,25,3,19,322,181,220,42,257,60,32,8,20,86,30,27,7,66,8,120,54,69,187,10,11,69
2011/1/7,57,17,410,77,3,28,19,28,15,153,3,56,3,121,35,62,60,250,73,65,17,15,26,93,94,473,10,1,27,3,172,28,82,19,12,23,174,185,337,19,290,38,55,11,20,48,27,27,13,58,10,152,34,166,193,11,13,254
2011/1/8,61,19,507,70,4,23,24,32,50,140,2,57,1,142,47,43,47,331,91,82,14,15,35,111,86,508,3,4,32,3,192,35,39,42,13,6,151,78,329,5,642,53,20,22,27,42,25,28,8,31,11,142,21,42,190,12,21,113
2011/1/9,81,11,226,45,1,37,26,17,64,84,1,42,2,69,28,28,21,160,52,61,18,6,19,166,35,244,2,3,21,1,90,26,65,31,11,26,177,84,195,3,587,21,8,11,25,41,22,20,12,39,10,146,35,64,180,11,9,137
2011/1/10,100,19,222,42,5,49,32,16,39,107,2,27,1,69,23,33,23,226,50,18,32,7,12,157,55,305,4,5,23,7,112,8,55,42,17,14,167,99,210,4,224,5,37,26,39,34,31,11,17,79,13,40,31,68,284,13,14,257
2011/1/11,49,16,274,37,3,17,35,11,47,135,2,32,8,59,19,37,22,287,39,27,21,20,18,78,48,269,5,2,46,4,83,18,56,31,115,9,190,94,197,11,270,33,12,30,34,45,59,14,9,78,20,66,42,55,463,24,19,737
2011/1/12,47,22,255,31,2,17,46,16,64,88,1,20,3,100,28,32,18,322,42,34,26,8,10,90,56,291,6,7,52,1,71,4,81,31,13,7,231,183,206,30,210,46,8,9,24,60,84,27,4,156,37,128,58,67,568,7,10,381
2011/1/13,39,28,408,84,3,18,46,29,46,165,1,96,4,179,42,33,48,147,65,63,20,13,47,82,94,529,7,5,75,2,108,37,76,26,21,18,320,159,276,100,295,35,32,17,16,97,72,17,7,44,33,474,68,152,364,16,13,77
2011/1/14,58,12,371,64,2,22,22,30,80,174,3,64,3,129,34,78,44,72,86,86,16,12,47,111,78,631,7,6,85,5,134,42,44,30,19,21,282,101,304,125,522,27,27,30,16,114,38,31,2,19,14,235,46,138,121,8,17,3
2011/1/15,86,16,191,49,2,38,24,7,79,122,2,49,4,89,21,31,12,54,49,81,24,16,21,159,35,278,7,5,59,5,79,11,59,30,21,15,155,106,352,100,412,22,12,8,21,50,24,36,16,19,30,96,46,48,111,5,21,483
2011/1/16,83,8,245,36,2,48,37,13,42,101,1,30,3,80,23,32,14,67,56,61,29,7,11,152,47,304,6,6,80,3,92,11,39,38,19,13,216,95,262,56,187,28,5,19,14,26,39,37,11,22,16,121,46,45,77,8,9,204
2011/1/17,64,26,191,32,3,59,28,15,36,83,1,27,2,72,22,37,9,58,43,37,27,5,22,100,37,268,9,2,55,3,71,19,48,32,8,20,137,96,206,55,172,34,40,23,28,39,28,27,6,96,13,248,40,47,56,14,4,23
2011/1/18,58,49,265,36,1,27,45,23,53,97,3,31,3,86,18,19,9,68,59,51,21,13,18,82,39,334,8,5,66,1,85,19,46,23,11,23,172,130,258,54,227,26,37,24,33,44,33,28,3,86,31,416,56,61,37,21,16,73
2011/1/19,44,38,266,35,2,30,36,16,51,112,4,52,8,114,16,14,6,46,42,53,29,7,27,92,50,348,6,10,58,1,91,32,106,36,7,25,168,210,167,60,202,47,41,12,14,45,56,33,6,143,33,490,62,53,34,7,7,126
2011/1/20,52,22,438,90,2,25,16,39,46,137,2,58,6,135,35,28,21,50,62,57,17,10,23,69,60,437,7,3,69,3,125,26,93,23,8,28,215,177,214,103,313,29,22,16,26,55,56,35,8,43,16,366,68,103,9,7,12,238
2011/1/21,65,20,379,64,1,30,13,42,58,141,1,55,2,132,36,30,36,21,56,76,18,11,32,109,68,573,6,8,56,4,141,25,50,21,87,18,246,102,316,89,545,35,23,26,29,71,37,29,7,96,7,413,32,146,76,6,18,112
2011/1/22,83,17,224,34,8,30,8,17,106,73,3,34,1,78,15,16,14,29,41,72,23,9,12,133,42,278,5,16,63,1,84,11,31,45,9,17,86,92,391,37,142,38,23,21,33,30,26,19,7,41,3,425,47,47,125,8,9,142
2011/1/23,82,16,294,34,4,45,25,18,44,55,1,51,6,81,8,12,16,18,70,54,19,6,16,104,42,302,1,7,59,2,83,17,47,17,5,14,59,106,258,38,237,29,14,22,30,25,18,23,19,59,6,169,29,24,161,13,11,206
2011/1/24,49,15,234,32,2,56,22,25,69,48,4,31,1,79,17,11,32,12,34,60,16,6,12,56,40,337,8,11,62,1,88,21,45,30,3,20,110,85,132,177,246,26,26,13,32,26,32,32,7,20,4,155,33,35,197,17,6,388
2011/1/25,58,27,180,33,1,18,34,18,74,97,3,44,7,94,23,23,16,13,45,29,27,9,14,70,43,285,8,2,34,3,62,12,24,28,1,27,41,103,197,46,216,19,14,13,17,29,36,20,14,1,6,53,42,51,349,15,6,213
2011/1/26,59,26,164,40,4,33,34,27,165,150,2,32,4,105,36,20,26,14,56,43,6,11,10,84,43,336,6,3,73,2,50,9,47,27,4,29,23,160,189,60,248,41,6,10,16,52,39,16,6,32,14,126,24,48,330,8,7,248
2011/1/27,39,18,368,71,4,33,28,34,90,240,1,100,7,167,26,15,37,14,47,73,19,13,12,75,69,610,6,17,116,1,98,16,40,47,3,44,12,173,130,119,325,48,23,6,18,51,52,15,2,26,10,203,48,100,158,8,8,121
2011/1/28,47,9,388,56,2,34,22,33,97,102,8,64,3,163,25,14,28,15,69,89,32,14,18,87,67,501,8,3,138,2,92,27,18,37,2,42,20,83,335,197,557,29,14,8,25,47,25,25,1,30,3,168,34,101,133,6,14,197
2011/1/29,68,19,180,29,2,56,24,15,90,63,13,21,2,97,5,16,16,9,45,72,29,25,8,157,47,323,4,5,39,3,60,10,31,39,8,31,210,80,241,83,556,21,17,22,57,39,31,21,11,22,5,157,24,6,187,13,6,272
2011/1/30,88,16,261,19,4,57,9,13,100,30,22,40,3,125,13,9,13,44,45,62,73,15,15,160,28,347,4,3,118,2,68,17,25,40,14,18,225,108,190,110,304,21,21,31,32,34,21,25,1,55,4,166,11,9,237,12,8,6
2011/1/31,56,26,241,23,2,33,23,6,124,87,16,35,3,151,20,23,16,18,47,50,43,18,16,108,37,319,10,7,100,2,98,27,34,36,14,25,195,106,243,50,243,28,34,27,27,76,33,22,4,65,3,125,15,7,497,20,7,162
2011/2/1,68,36,193,34,2,25,34,20,116,128,4,34,5,90,25,23,18,20,49,66,30,11,13,107,50,374,4,7,145,2,92,19,33,59,3,33,288,125,246,77,272,30,29,24,16,23,40,12,5,89,9,237,44,12,436,18,13,107
2011/2/2,75,18,311,33,4,27,43,20,94,131,8,47,3,110,58,26,19,17,43,79,33,10,17,125,61,393,11,8,115,1,94,14,70,29,6,24,198,167,250,38,243,24,29,17,28,36,54,10,4,125,20,448,40,13,225,3,6,242
2011/2/3,63,29,499,64,5,26,34,40,271,199,14,70,2,161,37,22,30,92,48,69,31,8,23,119,97,524,12,8,125,1,129,26,81,18,4,29,428,233,290,48,368,39,31,21,44,64,30,20,9,34,5,338,16,16,240,5,18,498
2011/2/4,53,9,151,68,3,31,26,34,215,199,9,81,5,145,43,29,33,94,91,96,32,13,33,137,89,425,3,6,139,1,105,29,20,39,2,19,77,101,381,63,449,28,18,14,21,50,51,35,1,8,3,137,20,9,890,4,20,150
2011/2/5,82,16,1,36,3,41,34,5,222,117,14,70,2,97,29,22,11,304,55,55,36,11,26,172,46,185,1,16,130,5,67,10,40,27,7,6,159,106,378,26,584,19,11,11,46,41,64,27,1,28,4,125,16,8,209,5,10,196
2011/2/6,80,10,293,55,3,51,25,13,395,128,22,33,3,102,27,34,20,265,44,42,23,4,12,149,45,155,6,5,119,2,20,8,40,19,6,4,160,118,183,27,267,16,12,29,28,68,54,29,1,20,1,107,30,2,281,3,14,191
2011/2/7,70,24,518,35,4,35,19,11,209,90,6,43,4,90,23,21,17,107,58,61,32,4,11,125,45,113,1,4,87,1,42,21,29,28,6,4,138,104,176,39,295,29,15,32,18,69,74,18,2,60,5,139,53,5,422,14,12,198
2011/2/8,50,33,534,35,4,20,38,8,132,120,5,34,4,110,16,36,16,86,51,57,26,6,18,112,48,207,1,8,84,3,77,19,48,26,18,2,170,117,226,48,294,40,9,22,24,72,98,13,3,31,1,221,62,4,99,14,15,193
2011/2/9,62,33,297,38,5,40,35,25,53,120,7,35,1,101,28,17,21,198,43,54,33,12,20,119,54,378,1,6,84,3,101,19,95,33,20,29,403,216,256,46,697,33,3,19,18,109,110,21,3,34,1,313,65,8,28,5,9,445
2011/2/10,49,19,263,93,4,25,26,28,51,158,3,54,3,180,45,29,24,101,72,83,25,13,30,109,87,614,1,11,84,2,151,29,104,34,12,23,228,215,435,73,531,22,7,9,23,105,100,9,4,32,2,299,43,4,30,3,18,12
2011/2/11,62,21,254,115,3,39,24,33,39,232,9,42,2,165,45,38,39,210,106,108,21,11,39,110,17,719,4,11,100,3,146,21,30,37,15,31,163,81,349,81,436,15,4,21,29,114,143,32,1,34,6,82,15,7,28,1,11,122
2011/2/12,64,11,367,21,2,49,30,11,37,90,12,55,3,115,23,16,12,293,57,64,24,6,15,137,19,350,2,5,79,1,97,10,20,32,22,26,178,84,181,40,275,18,31,7,34,155,149,17,1,41,16,72,18,4,114,4,11,199
2011/2/13,69,17,570,49,4,51,25,12,30,66,10,71,2,104,20,32,15,351,43,54,35,13,16,133,54,288,3,7,74,2,71,9,1,32,6,7,342,89,188,42,320,30,33,22,44,179,6,10,1,56,25,108,11,4,242,11,6,131
2011/2/14,41,19,375,50,3,49,19,11,30,107,10,24,3,89,31,18,10,138,42,47,32,7,22,83,61,258,4,14,75,2,96,12,3,25,19,2,287,100,226,39,273,24,21,31,33,60,13,16,2,60,8,125,28,9,354,11,17,253
2011/2/15,49,24,132,55,5,34,36,14,28,134,5,35,1,103,29,20,14,199,52,47,15,8,12,95,65,408,3,6,79,1,91,15,2,44,9,15,394,186,234,44,378,45,29,21,26,40,7,15,2,42,1,219,30,8,379,6,10,229
2011/2/16,38,21,25,59,4,43,38,33,12,159,7,72,2,157,45,23,27,206,74,85,25,8,31,84,134,664,1,5,89,4,154,32,5,32,33,9,470,226,253,51,411,30,7,16,23,20,41,20,3,25,2,251,31,2,147,1,9,6
2011/2/17,49,14,3,68,4,37,17,39,16,155,15,59,1,159,30,15,24,185,81,79,18,7,22,94,99,648,1,3,84,3,167,26,1,34,49,12,475,99,338,68,621,22,3,16,18,36,38,34,5,14,6,127,11,5,151,3,26,302
2011/2/18,76,15,488,42,3,48,25,11,14,97,13,19,1,92,22,28,6,256,69,65,16,14,10,133,65,204,5,3,80,2,62,13,2,49,134,11,516,93,319,42,558,13,1,11,27,33,33,19,15,48,9,127,25,2,156,1,19,110
2011/2/19,63,18,502,25,5,69,23,12,3,95,8,25,2,90,23,14,13,344,43,49,23,7,2,144,45,235,3,6,71,1,74,8,1,44,36,1,744,93,126,31,209,22,18,19,13,39,35,20,5,26,2,125,13,1,162,4,21,91
2011/2/20,52,15,297,26,3,69,9,3,4,92,12,62,2,77,17,19,9,327,34,47,32,5,17,77,47,136,4,6,66,1,76,20,2,35,3,6,280,108,205,32,232,15,14,10,34,31,19,13,1,11,2,112,50,6,195,17,18,170
2011/2/21,48,24,295,25,4,37,27,17,2,77,19,35,2,94,20,37,8,159,45,42,16,13,20,88,53,74,6,11,71,1,54,20,2,38,2,4,48,109,190,38,293,22,12,14,37,40,23,21,1,23,3,146,52,2,334,120,16,250
2011/2/22,53,25,298,44,5,46,24,20,8,94,10,49,4,111,29,11,13,201,44,47,17,9,13,85,41,24,4,5,85,4,89,27,37,21,1,2,21,175,215,64,311,11,18,12,40,30,27,20,19,63,9,118,66,1,410,3,17,175
2011/2/23,36,17,328,66,3,41,26,27,1,183,12,78,5,152,48,48,30,156,69,76,21,9,43,100,103,200,10,4,83,1,124,22,26,41,1,3,632,236,278,113,460,18,33,15,28,39,30,27,1,110,13,136,54,2,159,26,11,367
2011/2/24,45,15,323,64,3,42,17,25,3,206,16,50,1,147,50,51,16,178,81,93,19,9,32,104,98,578,10,7,79,3,142,14,20,48,20,25,1070,76,318,134,648,16,19,15,29,47,24,12,5,131,6,116,37,4,178,4,12,168
2011/2/25,79,13,486,18,4,43,18,9,22,107,21,36,2,87,10,28,7,210,42,77,14,16,16,145,53,247,5,8,80,2,59,14,27,40,10,24,695,62,338,50,742,12,14,10,27,23,15,25,8,147,10,122,37,2,146,106,19,224
2011/2/26,79,14,515,31,3,49,19,6,17,121,33,28,2,97,19,53,6,257,53,47,43,5,16,162,62,261,3,8,76,3,79,9,17,43,19,15,1135,70,151,53,328,16,24,24,32,25,22,18,4,84,4,135,36,1,194,4,10,172
2011/2/27,52,12,262,31,3,49,14,24,12,123,15,25,1,83,12,12,6,277,38,61,19,8,14,88,51,290,2,5,66,3,70,13,30,36,12,9,309,88,158,44,259,23,31,24,30,36,19,19,8,20,8,155,53,108,246,7,8,187
2011/2/28,35,32,243,41,6,33,22,7,5,114,29,32,3,79,27,20,7,209,38,55,18,6,27,93,57,291,5,15,56,2,77,29,7,30,3,5,77,109,143,50,285,25,40,12,41,33,42,20,1,14,2,180,70,91,553,21,11,126
2011/3/1,39,28,225,59,3,35,30,23,4,105,13,50,2,124,26,12,14,180,48,38,16,8,15,80,43,299,11,18,76,1,68,18,10,30,19,19,64,200,162,82,370,26,19,20,9,37,40,26,4,73,9,121,81,170,153,12,8,197
2011/3/2,48,14,230,85,3,30,24,25,3,123,18,63,2,171,46,35,18,135,72,65,13,7,33,70,77,503,20,5,72,1,119,25,8,43,16,13,8,222,208,207,431,33,18,13,15,32,11,11,5,96,2,116,39,120,177,18,15,228
2011/3/3,59,20,270,71,4,44,12,34,8,140,14,52,2,164,43,29,23,177,77,82,41,11,28,113,93,623,13,8,69,7,129,7,25,33,23,4,1044,96,317,169,624,23,15,9,30,21,15,23,7,158,7,99,39,138,175,3,17,227
2011/3/4,70,19,400,32,4,54,17,11,11,105,14,32,2,92,17,21,8,312,55,65,13,9,14,133,44,292,11,4,57,8,56,10,14,38,38,28,8,110,183,49,694,13,19,7,28,19,22,29,2,141,7,131,154,128,168,1,9,173
2011/3/5,57,15,256,40,3,60,19,13,20,59,26,25,4,99,18,23,3,279,42,44,22,12,12,130,53,287,12,6,47,1,55,14,7,32,44,20,1369,84,208,58,293,21,32,24,55,22,14,23,1,65,5,131,36,173,263,8,6,169
2011/3/6,46,17,266,27,3,31,18,19,11,65,21,35,5,96,13,20,5,119,31,44,32,4,13,74,24,286,22,3,51,3,40,19,9,47,11,1,286,73,277,40,421,31,32,12,27,39,19,21,6,66,6,120,42,61,308,6,6,172
2011/3/7,31,27,198,34,3,31,25,21,10,66,13,40,2,95,25,26,1,147,55,41,102,20,20,44,41,263,64,12,43,2,68,25,15,38,12,4,171,82,401,8,397,38,19,17,36,32,36,20,9,47,3,92,28,272,235,1,4,128
2011/3/8,39,20,477,68,4,35,22,28,13,89,16,32,1,101,21,31,16,160,49,36,15,5,11,67,50,340,290,9,56,1,73,14,46,30,11,28,122,168,259,10,326,42,17,13,32,43,38,21,11,79,2,158,1,237,68,4,6,196
2011/3/9,39,16,323,83,4,35,12,30,3,138,25,45,2,120,37,26,22,160,64,80,18,9,21,65,74,563,168,3,57,7,97,10,52,47,17,20,80,111,210,3,511,23,77,11,21,35,25,19,10,112,1,110,17,249,182,4,17,194
2011/3/10,33,9,321,49,4,33,19,34,7,95,57,22,1,103,23,17,6,186,48,59,22,9,13,61,59,384,91,5,50,3,72,18,45,54,12,11,86,110,194,166,759,18,14,24,22,34,28,30,3,181,4,140,23,401,94,16,18,122
2011/3/11,44,10,232,47,4,58,12,26,10,70,29,22,2,78,23,22,8,1796,64,58,14,8,20,98,30,432,50,6,44,6,66,50,15,50,92,4,176,152,244,55,412,64,19,16,29,22,16,24,6,144,10,136,21,129,198,11,9,136
2011/3/12,44,8,228,30,3,71,14,30,34,87,14,39,3,82,21,31,10,212,48,42,29,8,14,68,74,540,20,18,59,6,98,16,26,61,73,3,16,231,263,67,442,10,32,15,64,16,19,19,13,168,7,149,34,36,179,12,5,183
2011/3/13,32,14,245,149,4,27,9,72,36,132,13,44,2,138,63,27,30,122,60,57,21,6,33,75,95,485,8,9,67,4,90,3,18,37,18,14,714,182,246,59,453,24,31,23,40,25,11,14,1,159,4,132,65,272,328,11,5,182
2011/3/14,42,20,293,71,3,31,26,45,57,124,20,61,2,104,46,22,39,137,40,50,13,6,20,55,60,446,10,6,48,1,87,8,14,30,14,17,120,135,250,56,478,41,25,9,41,32,21,13,3,107,1,136,49,34,250,6,11,159
2011/3/15,68,9,258,54,4,28,12,26,50,55,11,23,1,92,34,29,6,166,45,42,14,5,22,119,71,327,14,12,38,1,66,8,30,34,10,17,100,133,154,63,636,27,23,5,14,45,26,11,10,80,2,150,8,124,44,8,11,184
2011/3/16,57,14,242,47,5,37,20,22,46,81,18,48,7,82,22,11,19,238,34,48,22,9,19,99,51,391,19,8,37,1,69,1,52,42,9,8,190,140,171,95,937,20,22,6,20,37,6,14,2,80,5,117,37,109,187,6,15,188
2011/3/17,26,18,235,50,5,43,17,21,23,111,25,28,2,101,28,21,21,257,30,44,9,6,16,62,50,354,18,8,54,5,61,2,46,37,22,16,260,130,273,86,712,25,34,7,24,22,9,10,13,102,9,129,35,74,110,8,10,166
2011/3/18,39,32,358,42,3,35,27,33,33,88,22,49,2,93,36,26,11,368,52,58,12,6,26,53,53,422,17,7,64,3,65,1,29,49,4,20,307,115,172,50,434,21,19,11,60,32,17,15,4,118,6,172,33,64,201,6,13,171
2011/3/19,47,19,180,34,4,40,28,12,38,116,20,37,4,122,29,25,9,385,68,65,16,6,24,90,51,356,18,8,76,3,86,1,38,33,17,9,285,126,150,59,915,31,32,18,31,25,10,16,3,45,1,175,47,43,185,9,17,218
2011/3/20,49,12,215,41,3,21,17,16,49,110,20,46,2,122,26,15,15,340,69,67,14,7,21,87,41,432,3,23,74,8,96,1,27,32,4,6,238,80,174,58,243,25,17,15,39,34,15,10,6,45,1,188,65,82,464,3,5,179
2011/3/21,55,22,194,28,5,22,18,6,43,86,16,59,4,99,21,20,4,306,48,67,21,2,7,92,29,292,13,17,60,1,58,2,30,41,10,5,330,84,177,74,638,38,17,13,41,36,25,5,15,51,7,178,67,50,119,3,5,170
2011/3/22,48,17,220,47,4,26,20,14,46,103,19,29,1,97,21,28,9,77,34,43,20,9,13,95,54,316,19,21,20,2,45,2,19,43,11,19,285,128,200,92,378,23,20,16,36,32,17,13,12,84,1,158,35,129,83,3,5,239
2011/3/23,36,13,277,47,4,22,20,19,45,119,19,33,1,149,18,32,15,65,54,65,14,8,20,99,51,547,19,10,20,1,71,3,55,45,22,19,284,69,424,66,27,25,13,17,38,11,11,12,15,102,6,163,23,127,214,5,6,195
2011/3/24,37,21,408,24,6,23,14,5,71,67,20,20,1,88,8,15,4,61,52,36,10,7,14,77,33,273,9,15,18,2,35,3,26,33,16,4,598,65,325,60,406,17,26,17,31,14,14,14,16,145,2,152,36,23,10,3,9,204
2011/3/25,44,19,396,21,3,44,22,8,172,40,22,32,3,80,11,19,6,86,45,53,9,4,11,108,30,196,12,23,49,2,44,1,23,33,22,19,223,80,152,47,476,19,13,12,29,14,18,14,8,29,7,109,35,30,105,3,5,164
2011/3/26,31,9,220,22,4,32,12,11,52,50,32,13,1,86,15,17,4,38,43,54,11,7,16,54,29,279,1,8,38,3,54,12,14,41,1,27,214,59,134,44,551,9,30,17,29,20,20,9,9,29,7,111,36,34,165,14,2,148
2011/3/27,38,11,242,38,3,34,14,16,783,83,12,35,2,82,20,19,3,100,48,47,9,1,20,63,20,277,11,18,39,4,57,3,22,24,12,7,427,108,119,145,539,8,24,17,23,28,14,18,13,10,7,127,62,43,375,1,7,238
2011/3/28,28,20,239,39,5,31,23,17,111,101,14,32,2,85,40,4,14,140,48,45,12,2,21,41,29,314,12,22,48,2,64,17,22,53,15,7,265,145,176,53,374,23,21,18,20,31,30,22,10,2,5,186,40,46,1,3,9,185
2011/3/29,37,7,243,64,3,57,4,24,55,142,13,54,2,92,63,38,19,88,76,80,6,4,28,63,74,534,19,12,62,3,103,7,56,50,6,21,267,152,246,112,475,25,21,18,42,33,30,14,10,2,9,165,49,32,8,2,14,143
2011/3/30,40,7,306,56,3,35,7,27,71,144,17,48,1,125,44,31,8,62,81,84,6,8,25,57,73,524,12,20,51,1,116,4,51,55,9,19,237,67,345,118,589,22,21,12,46,36,9,20,3,3,5,127,41,20,199,5,9,200
2011/3/31,47,7,447,24,3,29,13,7,154,83,25,33,1,89,17,44,5,78,53,70,20,11,14,93,18,322,11,22,64,4,57,18,45,48,10,8,167,75,332,44,690,21,21,22,42,13,12,19,18,180,9,143,37,12,71,25,13,208
2011/4/1,40,7,448,40,3,21,12,1,151,84,22,30,3,83,19,9,4,83,36,36,22,4,16,103,26,301,14,21,56,1,56,12,15,34,5,15,141,86,148,66,286,26,55,31,46,9,16,18,8,3010,9,121,60,15,35,36,10,213
2011/4/2,29,9,212,25,3,36,11,7,159,67,26,18,3,102,29,22,6,74,69,39,42,1,15,52,31,301,9,11,53,1,58,11,48,46,8,17,139,74,167,68,334,21,13,28,50,35,17,19,4,37,7,104,74,8,53,20,7,179
2011/4/3,34,19,226,28,4,34,25,15,287,62,14,35,4,90,20,33,4,59,61,60,14,1,18,54,41,283,31,12,56,2,54,15,21,49,14,13,181,142,159,103,468,28,1,18,43,27,26,20,9,269,8,123,61,7,99,7,8,136
2011/4/4,28,24,274,36,4,34,27,11,246,105,7,23,2,114,34,38,6,46,77,59,17,1,18,58,28,394,10,23,67,1,72,17,32,50,13,12,169,222,160,107,476,29,3,12,4,42,19,16,5,534,7,147,38,5,93,11,11,184
2011/4/5,28,15,294,57,4,38,11,9,356,132,14,40,2,134,50,33,10,53,86,77,14,2,21,46,39,510,18,9,73,1,112,10,48,49,3,20,267,186,231,224,363,2,52,14,26,39,20,16,7,720,5,124,15,7,108,11,4,204
2011/4/6,44,7,330,60,4,34,11,29,280,137,13,26,3,133,46,31,10,76,90,99,13,4,23,61,47,547,15,8,59,4,123,11,32,68,4,25,223,84,267,153,619,1,18,17,21,41,21,18,6,552,8,147,37,3,188,18,14,177
2011/4/7,50,11,360,29,3,24,17,7,205,105,13,37,2,92,26,26,7,49,46,77,18,3,16,98,43,341,18,13,51,3,70,6,19,65,1,18,364,72,130,165,326,7,8,23,36,20,13,19,9,168,7,109,49,174,81,25,9,233
2011/4/8,53,7,261,35,4,42,10,7,26,49,28,14,3,78,22,23,3,54,52,46,24,3,16,111,23,311,22,6,68,3,74,7,23,45,6,8,211,76,142,39,428,44,32,25,51,23,15,17,6,40,9,151,57,56,25,19,12,242
2011/4/9,36,18,260,26,4,25,11,4,63,88,22,21,2,72,20,38,3,53,54,57,25,1,9,64,18,294,5,8,52,2,61,13,19,49,5,4,251,84,116,10,356,102,3,25,45,15,12,21,7,115,6,114,78,98,112,7,4,152
2011/4/10,35,15,224,36,4,36,21,5,99,49,10,20,2,68,14,30,4,54,50,49,21,6,6,41,29,303,4,9,71,1,58,17,12,37,9,22,154,92,147,10,473,38,10,14,38,29,18,9,4,39,6,146,64,64,156,13,4,152
2011/4/11,22,19,238,39,5,21,15,8,89,53,15,24,2,92,18,34,10,54,70,60,18,3,10,56,37,366,4,3,56,1,76,14,28,44,16,13,185,185,199,1,518,46,51,28,27,28,25,8,4,49,9,99,35,108,174,9,3,226
2011/4/12,26,10,240,10,3,34,6,12,65,64,16,54,1,120,36,31,13,37,87,96,17,7,17,70,32,434,8,2,36,4,131,19,28,46,2,15,193,63,417,62,735,33,6,14,27,22,9,11,6,31,5,114,8,78,302,8,10,165
2011/4/13,53,10,382,3,4,6,10,5,96,19,25,30,1,74,17,35,3,33,54,71,40,2,5,67,7,333,1,3,24,2,65,13,30,37,5,14,220,78,375,57,862,18,14,35,26,15,13,14,5,39,5,162,5,68,288,8,11,169
2011/4/14,55,10,440,9,4,53,7,3,59,14,34,20,1,73,17,31,7,38,60,58,37,4,12,109,6,328,1,4,37,2,80,14,19,43,7,17,119,75,135,73,610,9,36,19,24,13,20,15,9,24,9,102,53,6,329,11,6,182
2011/4/15,38,10,257,26,5,52,7,4,62,50,52,16,1,67,19,14,5,88,49,43,31,6,5,48,14,272,3,7,63,3,60,10,17,42,13,1,133,79,136,84,563,39,34,21,46,21,11,17,6,20,9,99,43,3,364,6,8,216
2011/4/16,32,17,240,26,3,34,8,8,69,76,62,35,4,71,13,30,4,173,66,50,20,4,18,56,18,302,26,6,51,2,56,17,17,37,8,12,269,101,175,162,446,33,6,14,49,20,13,12,3,54,6,111,81,3,303,9,5,222
2011/4/17,30,19,321,44,3,34,14,15,32,5,50,31,6,87,19,18,4,159,91,73,17,3,9,42,9,314,21,4,78,2,72,14,11,30,4,19,157,163,208,121,409,28,8,14,23,26,21,7,5,26,6,122,74,7,29,9,4,129
2011/4/18,36,12,218,71,3,28,10,15,30,114,46,45,3,123,39,31,28,115,80,97,21,6,17,52,16,495,15,2,75,1,120,20,33,36,5,27,191,176,214,107,567,34,48,16,23,24,18,16,8,20,7,174,28,14,18,9,6,257
2011/4/19,29,10,237,49,3,23,11,16,35,139,59,50,2,113,26,41,15,142,96,109,16,2,21,51,6,569,9,1,98,3,114,21,43,58,8,1,236,91,252,94,822,31,12,27,45,37,10,30,5,4,8,90,2,11,164,14,4,180
2011/4/20,46,8,368,26,3,34,16,2,43,83,11,21,1,87,22,29,10,123,74,90,26,4,13,102,11,308,13,3,93,1,70,12,40,39,8,5,235,98,232,101,840,9,5,17,46,24,7,22,5,10,4,117,17,17,186,9,9,183
2011/4/21,37,11,367,43,5,44,7,13,22,73,7,46,1,98,22,29,3,243,68,44,52,4,21,90,21,329,39,3,78,2,34,15,19,33,9,17,148,119,136,111,234,5,6,17,52,13,12,21,3,5,8,118,63,12,173,11,6,165
2011/4/22,34,9,222,55,3,43,17,4,24,107,11,27,1,92,31,131,7,149,93,100,52,5,25,63,32,468,7,6,114,4,82,17,11,46,2,10,158,93,132,108,328,50,10,31,32,16,5,15,7,24,6,97,91,8,139,8,4,195
2011/4/23,34,30,217,21,4,28,37,1,11,39,24,17,2,65,28,32,3,148,59,55,37,3,4,58,26,278,18,7,70,3,62,12,14,45,7,13,323,101,143,79,467,8,14,20,59,13,8,68,7,40,8,145,88,8,184,18,4,116
2011/4/24,42,16,274,36,4,29,25,8,35,34,24,36,2,78,23,12,7,192,59,69,37,4,14,68,35,286,20,10,46,5,57,32,21,67,8,18,204,160,165,102,473,1,14,16,24,16,29,26,4,32,7,124,72,5,68,10,2,193
2011/4/25,21,11,243,72,5,24,13,16,63,30,18,41,2,83,36,21,15,168,75,87,54,7,16,47,43,406,19,8,60,1,104,20,33,62,13,53,206,190,219,179,508,14,12,28,39,31,27,29,7,48,6,120,60,8,151,9,8,248
2011/4/26,14,15,298,54,3,27,16,11,59,15,16,33,2,110,32,16,8,102,82,93,18,2,26,67,43,490,25,10,71,1,101,4,29,90,16,3,280,63,313,75,895,19,6,9,31,25,19,35,5,50,5,151,49,5,373,8,12,286
2011/4/27,8,19,335,11,3,34,28,5,46,19,13,24,3,62,13,6,6,99,62,58,18,6,14,103,18,261,40,4,41,6,55,3,10,84,119,24,253,63,336,74,232,12,56,37,69,16,10,33,4,68,6,109,81,5,6,13,8,158
2011/4/28,32,10,366,9,5,36,13,3,40,15,17,24,1,65,14,16,4,102,59,53,32,2,12,101,40,255,17,5,71,4,72,2,18,83,95,23,174,84,174,55,335,22,34,45,73,15,17,25,7,62,5,171,103,7,163,12,11,165
2011/4/29,32,7,214,28,4,24,12,8,179,46,19,16,1,59,15,17,8,130,41,43,33,4,10,58,20,247,19,8,73,7,65,5,17,153,81,10,181,87,151,66,155,27,40,28,56,20,18,22,5,52,7,87,108,10,125,14,9,148
2011/4/30,31,18,223,44,4,23,17,9,180,49,19,26,1,63,21,16,7,115,63,54,16,1,18,44,21,223,25,5,68,2,64,1,32,153,9,17,210,99,198,96,378,7,24,41,75,24,33,20,6,48,9,119,67,9,35,9,11,180
2011/5/1,23,21,231,36,3,29,27,12,140,87,19,24,1,75,26,2,15,176,34,34,23,2,18,47,33,293,20,9,75,6,57,4,32,2,4,18,225,163,219,148,405,37,13,56,25,56,26,28,8,61,10,117,55,11,71,12,11,211
2011/5/2,33,13,214,92,3,22,7,13,56,103,7,39,1,124,35,20,20,152,84,82,18,7,13,30,19,458,18,5,61,6,74,2,51,5,4,19,243,155,264,194,488,27,25,34,6,22,30,23,5,59,6,119,58,18,126,12,13,193
2011/5/3,26,17,304,99,4,25,18,19,68,128,21,43,1,98,36,6,23,123,77,105,20,6,21,58,13,523,28,1,55,5,96,2,16,16,10,3,254,88,390,90,835,36,17,8,24,36,22,29,5,50,8,133,59,2,86,8,10,200
2011/5/4,41,9,359,47,4,46,15,5,544,75,23,39,3,63,19,19,5,115,61,67,41,6,5,115,10,280,10,5,67,5,59,6,26,18,44,15,116,71,427,95,887,77,24,8,8,25,22,32,6,31,6,182,71,4,292,12,12,254
2011/5/5,44,8,358,33,3,38,9,4,142,71,25,36,2,79,13,10,6,140,47,39,22,8,12,78,26,328,10,1,56,7,67,4,23,29,35,32,165,83,153,75,458,60,21,4,25,25,13,21,5,39,8,165,86,5,99,10,8,239
2011/5/6,36,11,192,33,4,28,13,7,144,71,9,22,2,65,12,11,5,104,66,68,23,2,9,49,25,306,11,5,57,4,72,11,10,34,17,8,180,86,160,62,471,23,1,15,2,11,9,16,6,118,8,103,100,7,148,10,12,184
2011/5/7,28,13,226,25,4,23,23,7,116,72,14,19,4,75,27,21,4,161,47,57,18,2,14,53,38,302,17,6,65,4,57,15,25,34,6,2,258,99,220,97,492,30,3,16,56,22,18,20,5,94,8,109,51,9,103,10,10,174
2011/5/8,28,13,221,45,4,38,27,6,168,115,14,26,3,77,30,24,10,293,41,54,20,2,9,45,33,251,30,11,65,2,68,6,25,46,5,19,177,183,254,144,595,21,41,23,25,24,20,14,6,100,5,136,50,6,45,9,10,170
2011/5/9,34,10,274,35,5,31,20,9,127,118,16,45,1,145,44,35,17,147,83,84,22,3,17,62,77,426,14,1,67,5,105,19,40,36,17,10,283,188,428,162,936,32,15,23,12,28,8,18,5,76,7,126,44,1698,186,10,12,208
2011/5/10,41,8,420,19,3,41,9,5,22,105,20,49,2,121,41,25,14,133,79,123,23,1,12,53,62,508,33,1,59,5,105,6,48,43,20,7,161,76,325,75,850,36,17,22,54,19,6,24,6,57,11,175,87,5,196,7,8,201
2011/5/11,38,13,401,14,2,46,17,5,8,90,24,11,1,97,17,10,8,130,51,50,34,1,14,76,27,314,13,1,53,3,79,10,42,50,27,26,222,78,170,58,742,56,32,21,78,19,15,24,6,50,7,94,50,4,192,7,9,210
2011/5/12,53,7,221,16,4,37,18,5,29,61,18,14,2,73,11,16,7,172,61,42,39,3,12,77,20,299,23,4,47,25,60,18,35,37,14,39,197,109,159,73,431,53,39,37,59,24,9,18,8,125,13,99,60,10,83,16,8,214
2011/5/13,38,13,217,36,4,21,15,12,23,87,16,21,3,96,18,10,5,167,55,45,41,1,17,32,25,277,21,3,46,25,62,20,20,37,9,14,201,109,175,63,411,24,30,19,9,15,17,15,5,78,7,92,86,3,119,12,9,172
2011/5/14,29,22,196,47,5,21,28,12,7,93,13,32,1,91,30,10,2,190,50,64,21,2,15,49,26,295,15,3,57,4,55,17,35,33,3,8,374,216,258,125,449,35,38,38,46,14,22,16,5,53,4,176,82,7,116,8,10,236
2011/5/15,36,21,233,76,5,17,17,6,16,138,13,38,1,119,35,36,9,148,88,98,32,3,17,55,65,457,27,1,67,3,80,4,26,49,12,45,231,180,279,156,517,28,55,31,70,38,27,20,7,52,6,62,93,5,80,19,9,191
2011/5/16,36,15,259,50,4,24,7,6,10,155,21,35,3,113,34,54,3,120,87,98,33,3,33,63,54,404,9,7,43,5,101,7,43,41,14,24,227,99,463,88,775,40,37,26,52,26,8,22,7,93,11,99,27,7,205,7,10,236
2011/5/17,50,21,460,23,5,19,3,1,26,75,12,30,1,77,27,33,7,164,52,68,19,3,11,66,23,266,30,3,59,11,65,18,47,44,14,85,288,103,180,66,824,57,39,22,65,13,12,28,7,85,7,138,55,8,280,18,9,229
2011/5/18,45,14,177,18,4,43,6,9,20,86,22,16,1,54,29,46,6,135,62,58,29,1,10,73,41,282,30,3,48,18,66,30,18,26,33,4,166,93,233,73,458,44,9,32,55,16,16,21,6,58,7,153,55,2,269,7,10,205
2011/5/19,31,17,257,20,3,43,10,2,55,67,15,19,1,73,12,21,4,176,49,56,30,2,5,50,16,276,18,2,46,10,45,5,21,28,48,1,168,86,216,60,210,41,16,28,19,10,12,22,6,52,8,140,58,3,104,17,14,168
2011/5/20,27,33,233,37,2,30,20,1,26,80,17,28,1,77,14,25,10,290,49,35,23,8,9,38,32,273,29,1,49,3,57,5,34,30,18,1,408,115,215,87,314,47,46,12,46,24,10,24,5,112,8,160,54,3,57,12,10,175
2011/5/21,36,21,249,37,5,26,19,6,19,86,21,23,3,72,20,21,3,179,56,41,31,4,10,44,43,286,13,1,55,2,80,3,81,38,13,14,236,209,274,84,358,51,28,30,79,16,20,14,6,84,5,146,48,5,54,17,10,229
2011/5/22,26,10,252,93,4,26,11,5,27,154,11,37,1,109,44,51,13,186,79,78,20,5,21,30,72,493,15,2,74,4,118,2,62,38,20,19,236,47,320,86,394,13,20,22,48,37,27,22,5,48,8,134,45,3,31,10,10,213
2011/5/23,29,18,300,18,5,29,17,2,24,134,14,12,4,57,18,24,6,223,52,50,22,6,10,53,32,361,25,1,54,4,48,1,42,48,17,11,296,92,496,72,763,35,14,32,61,26,10,26,6,48,7,87,54,2,182,10,8,194
2011/5/24,46,22,417,6,3,30,11,11,32,164,19,36,2,73,17,3,2,118,62,89,29,1,12,68,36,264,8,1,58,6,64,2,29,48,28,6,291,79,443,61,786,39,33,64,70,21,19,32,7,103,6,137,91,1,329,9,11,171
2011/5/25,24,15,423,12,4,37,12,5,38,116,21,22,3,75,16,9,3,147,75,67,34,1,7,45,27,242,13,1,52,12,64,4,31,28,18,8,366,78,219,72,413,48,19,52,48,12,9,12,8,106,8,141,59,3,163,11,11,180
2011/5/26,35,18,309,26,2,30,12,8,47,108,12,10,2,70,12,3,8,108,61,60,37,3,13,52,22,228,13,1,39,3,76,1,36,32,23,22,179,107,276,80,397,33,37,40,43,18,7,19,9,56,9,114,47,4,146,7,13,172
2011/5/27,27,18,227,23,4,26,31,8,50,95,18,26,2,98,22,19,3,159,55,37,32,4,9,35,40,215,8,1,61,4,58,6,27,26,11,14,411,96,249,61,348,21,56,37,64,24,11,21,5,124,8,106,45,3,210,12,8,214
2011/5/28,34,12,244,37,3,30,12,5,22,132,9,18,1,86,22,10,7,105,59,65,24,2,13,49,39,276,23,1,75,3,82,2,30,34,10,22,362,202,390,80,378,31,17,24,54,20,10,38,8,41,6,116,55,2,183,9,9,216
2011/5/29,24,18,252,59,3,30,13,8,26,172,20,37,1,140,47,18,9,176,96,104,21,5,24,48,54,440,21,2,63,3,208,2,53,40,18,34,299,231,445,50,471,55,30,25,73,22,21,15,6,92,8,99,60,1,182,12,9,157
2011/5/30,35,22,314,47,4,30,15,11,14,163,12,36,1,140,36,21,6,190,94,99,26,8,20,53,59,455,17,1,65,2,224,5,43,36,22,29,240,100,410,86,814,51,11,47,46,23,18,29,5,92,8,137,49,5,175,8,13,165
2011/5/31,41,15,389,33,4,45,8,3,22,146,15,45,4,85,23,7,3,139,58,73,38,4,15,87,29,256,32,1,54,4,211,7,24,45,92,23,247,94,442,57,604,69,10,48,55,35,19,31,4,49,7,149,38,1,143,9,10,212
2011/6/1,49,17,314,24,2,45,18,3,32,105,22,23,3,63,15,13,2,125,52,44,34,7,9,99,34,224,27,1,49,2,23,28,23,36,46,32,192,120,236,82,404,48,38,34,50,22,8,19,6,85,7,134,53,1,129,7,12,176
2011/6/2,31,30,161,32,4,18,10,4,34,88,18,18,2,58,28,10,10,156,52,50,42,5,12,52,46,300,45,1,52,3,20,36,23,32,20,43,187,125,290,101,372,50,33,31,34,19,12,22,7,113,7,111,41,1,156,18,10,155
2011/6/3,21,30,209,44,4,21,25,5,21,128,11,22,1,66,28,12,7,103,69,51,22,11,22,31,48,306,27,1,39,2,10,14,19,35,7,28,256,172,402,59,411,54,38,29,53,14,23,17,8,264,9,132,49,42,230,11,11,151
2011/6/4,28,30,293,60,4,22,27,14,14,99,15,23,2,79,45,15,10,139,57,38,18,12,16,43,42,344,26,2,60,3,35,13,30,37,8,22,250,177,698,67,473,35,58,46,54,35,32,21,6,45,5,131,39,84,216,12,13,173
2011/6/5,34,16,460,96,4,17,14,8,22,127,8,24,2,110,39,12,4,134,72,65,28,2,21,36,56,352,32,1,62,5,108,20,60,35,31,24,386,210,579,63,719,46,30,20,74,30,16,24,7,58,6,165,48,37,177,7,11,198
2011/6/6,33,13,447,69,3,30,12,12,31,109,21,45,2,106,35,19,9,135,86,73,18,3,25,56,61,460,13,1,74,2,64,12,54,39,28,16,377,91,469,79,809,33,25,38,60,19,20,41,6,66,13,134,48,32,149,8,12,170
2011/6/7,34,12,361,38,3,39,14,1,27,87,28,37,2,82,5,15,1,202,71,72,33,3,10,81,15,255,21,1,59,1,71,32,22,34,39,24,262,111,276,52,725,30,11,34,61,25,25,33,6,78,4,87,56,172,121,9,11,197
2011/6/8,29,9,285,45,3,22,10,7,43,90,18,20,2,81,14,16,6,168,77,52,32,3,10,64,50,316,28,1,52,2,64,45,28,45,40,42,289,127,286,61,710,55,18,15,68,17,17,22,6,44,8,158,76,169,156,18,9,184
2011/6/9,35,10,206,39,3,24,26,10,53,107,17,26,4,73,26,12,6,254,75,70,46,6,10,51,52,332,30,1,83,3,66,32,29,31,11,52,262,245,274,85,694,35,33,24,8,20,18,28,5,59,8,126,40,28,186,13,11,142
2011/6/10,21,18,246,145,4,25,25,28,36,142,5,66,6,170,86,59,23,184,76,79,29,8,36,42,120,502,14,2,84,2,74,28,28,34,9,21,293,273,423,107,380,37,41,22,19,20,30,26,7,48,12,160,37,45,183,17,13,241
2011/6/11,47,8,261,113,5,22,16,14,29,56,9,49,1,63,55,80,14,152,82,78,32,11,26,51,68,321,17,2,68,3,113,12,55,26,14,34,377,182,474,93,366,17,42,31,57,38,42,22,6,80,4,102,43,168,214,12,10,163
2011/6/12,63,6,143,68,2,30,14,9,38,38,11,33,3,86,35,61,11,312,89,76,31,11,16,99,17,346,31,2,56,2,108,20,80,22,15,19,459,100,784,75,544,30,16,16,60,37,28,35,8,59,7,117,67,55,147,10,10,165
2011/6/13,52,9,384,60,3,27,25,2,35,15,16,37,1,46,21,23,10,128,61,76,36,4,7,72,5,185,19,1,52,2,76,23,109,27,4,25,399,107,664,60,956,45,16,23,85,22,11,32,5,50,12,168,82,42,168,10,10,177
2011/6/14,24,20,398,52,4,50,9,12,88,24,18,20,1,52,25,32,3,133,61,48,38,7,8,67,22,134,48,1,62,2,61,19,51,37,40,32,247,93,385,77,328,74,8,47,57,11,13,34,6,53,9,149,67,52,164,16,11,180
2011/6/15,12,24,245,61,3,41,32,4,103,24,13,16,6,65,32,77,2,215,63,52,36,2,13,57,49,48,14,2,64,3,65,49,43,27,21,31,282,139,387,71,487,25,31,45,49,14,10,24,4,43,10,150,108,39,184,24,9,170
2011/6/16,20,19,264,53,3,30,28,4,52,19,13,25,1,74,19,24,4,227,55,62,41,3,7,36,57,143,25,2,70,3,85,36,33,25,14,40,476,184,410,81,402,11,37,23,70,11,20,25,8,43,8,155,129,38,177,11,12,197
2011/6/17,32,22,253,74,3,21,17,10,76,64,4,24,6,105,42,80,5,160,73,63,33,7,19,56,38,284,20,1,80,3,105,43,35,26,6,44,268,277,425,59,467,15,26,23,51,22,42,23,5,60,7,162,53,68,175,11,11,249
2011/6/18,43,18,298,115,5,43,13,8,111,170,12,59,8,159,59,19,16,156,91,121,65,10,33,68,104,409,39,2,86,4,172,32,32,33,10,25,630,236,548,77,630,19,19,15,74,31,23,29,3,76,9,146,71,65,131,12,10,169
2011/6/19,41,13,427,130,4,47,12,7,149,258,12,30,5,104,43,11,14,145,107,113,55,7,56,78,22,412,10,2,72,4,140,40,51,37,11,28,576,168,817,52,953,32,9,24,50,41,11,35,10,243,8,116,49,62,173,8,11,239
2011/6/20,71,10,440,70,3,11,9,4,108,130,13,39,4,109,22,29,8,154,79,78,76,6,32,100,19,237,10,4,73,2,84,42,11,22,22,28,530,172,765,65,953,32,12,25,65,15,18,37,6,59,10,96,38,64,152,10,8,219
2011/6/21,53,15,441,68,3,38,19,2,211,90,24,20,11,74,34,46,10,155,54,72,65,4,23,102,22,241,21,1,58,3,68,58,9,32,26,29,648,155,430,60,465,56,15,24,54,23,14,29,7,82,7,119,32,56,166,8,11,198
2011/6/22,41,25,108,38,3,37,17,9,140,89,23,31,11,84,25,46,5,258,77,52,73,2,16,66,53,286,20,1,44,3,90,47,13,25,22,52,629,156,393,74,573,29,17,29,50,12,18,19,6,61,7,125,43,38,245,12,10,108
2011/6/23,25,31,279,58,4,24,16,6,229,42,14,13,8,77,22,23,9,152,62,66,53,5,18,37,49,325,8,2,59,5,89,48,86,13,24,21,673,184,393,55,554,19,33,39,22,12,15,24,9,48,5,129,41,89,172,12,11,207
2011/6/24,26,26,310,73,4,34,28,4,88,77,9,33,5,90,45,4,11,169,48,37,35,3,20,51,74,299,15,1,82,3,100,97,207,27,28,20,486,253,417,74,392,18,48,17,50,32,23,16,6,90,5,116,42,189,213,10,9,185
2011/6/25,32,17,309,134,4,36,12,16,102,94,13,44,1,139,65,4,14,154,89,73,42,6,46,62,112,412,17,1,93,4,104,69,119,29,9,8,529,233,526,78,629,18,22,17,58,28,32,23,4,39,8,110,35,64,185,24,11,236
2011/6/26,38,10,389,126,3,61,8,3,13,101,9,35,1,160,63,17,20,177,93,96,49,8,60,67,129,491,14,3,95,5,112,46,367,32,14,31,615,167,694,65,953,23,18,18,71,11,12,28,5,138,8,140,42,52,175,8,9,165
2011/6/27,65,15,562,69,3,41,16,11,15,13,18,48,2,59,11,28,11,133,79,73,48,7,24,80,49,303,18,1,67,3,105,27,366,22,8,24,863,140,665,75,867,27,28,26,47,11,4,35,6,76,11,98,44,53,155,9,10,223
2011/6/28,47,19,505,72,3,40,12,5,29,2,17,37,5,96,1,72,6,102,52,64,52,7,26,74,59,285,28,1,61,3,74,3,737,20,13,40,1015,159,407,60,374,39,30,33,3,7,9,30,5,46,9,251,39,17,174,8,10,209
2011/6/29,29,18,342,60,4,29,18,4,41,43,8,45,1,76,4,30,6,149,56,55,83,5,16,47,102,259,23,1,45,4,79,24,211,17,9,41,723,157,376,75,488,23,20,23,26,28,14,15,7,51,5,124,41,51,146,10,11,181
2011/6/30,22,24,349,78,4,21,26,13,14,89,8,22,3,79,1,46,12,183,62,54,53,9,21,51,81,335,14,2,56,2,75,25,164,19,10,25,850,184,370,68,518,27,23,6,22,11,21,31,6,260,8,124,49,35,165,6,11,188
2011/7/1,23,31,337,81,4,23,27,16,9,107,10,18,1,98,19,23,10,166,73,64,68,5,26,48,52,322,40,2,53,3,93,28,175,17,8,26,1164,269,427,82,474,23,24,4,21,14,20,39,5,80,8,139,42,56,149,9,9,193
2011/7/2,30,16,393,193,3,29,15,6,43,272,21,60,8,145,50,48,12,106,65,79,62,13,59,60,23,469,28,2,78,2,139,45,128,17,9,25,1916,246,516,84,638,23,25,9,47,13,12,17,5,95,9,147,56,65,189,10,9,226
2011/7/3,38,16,448,186,3,36,25,24,18,125,9,44,1,137,32,50,10,134,87,96,50,13,59,90,15,512,25,3,77,2,130,20,118,30,10,27,1202,170,715,70,468,25,20,9,82,6,11,32,7,109,7,161,43,53,199,16,7,227
2011/7/4,54,14,689,109,3,49,14,11,23,82,22,22,2,95,29,30,4,160,75,80,30,7,39,93,34,317,7,6,51,4,94,23,59,24,104,26,1328,184,426,82,942,26,22,34,16,28,48,41,4,134,7,141,44,74,231,9,10,153
2011/7/5,53,18,444,82,3,47,24,8,6,99,10,36,6,80,72,34,3,135,62,48,72,6,35,89,66,333,16,2,51,3,78,49,62,14,56,36,1246,172,495,103,623,26,22,26,8,24,12,29,8,59,9,166,46,172,163,17,11,209
2011/7/6,33,12,386,58,4,31,21,7,58,73,22,33,4,63,37,23,2,133,71,59,62,11,23,61,80,334,25,5,46,2,107,44,114,14,10,34,1159,172,440,68,513,29,18,31,34,7,21,32,6,54,6,110,33,65,143,8,11,213
2011/7/7,26,19,371,54,3,27,22,15,61,95,16,38,4,65,45,19,9,146,43,53,36,23,25,59,79,367,36,3,46,2,75,38,147,11,20,30,117,199,412,81,301,34,20,21,6,41,42,24,8,55,8,151,53,57,151,6,9,198
2011/7/8,30,19,421,87,2,34,27,17,28,96,14,64,1,83,41,31,11,140,82,81,35,54,30,54,99,353,17,2,45,2,81,29,79,19,7,22,67,306,512,67,605,29,21,19,30,50,43,20,8,55,8,93,41,54,238,6,8,207
2011/7/9,22,10,554,225,5,28,18,16,59,213,8,59,4,134,57,61,9,169,81,96,136,55,63,55,174,501,15,3,58,3,139,56,72,15,5,10,80,200,546,88,864,28,31,6,68,41,17,29,8,61,9,144,43,66,179,13,10,158
2011/7/10,20,9,801,83,4,45,17,32,66,93,14,61,3,66,69,15,17,155,74,79,46,54,28,65,93,1369,30,5,67,6,89,54,80,17,3,15,53,203,537,69,946,40,32,8,40,26,19,35,5,90,10,148,44,54,136,15,9,198
2011/7/11,40,20,763,128,2,56,21,16,67,109,11,57,3,93,107,10,23,149,75,82,22,69,34,97,117,189,15,2,48,6,141,42,81,13,58,23,35,224,583,85,461,32,22,28,37,22,18,30,5,60,6,132,42,47,229,10,11,173
2011/7/12,26,20,860,156,5,49,14,35,71,83,19,35,6,83,102,9,14,132,76,61,57,85,29,69,59,302,30,4,55,5,145,55,85,16,28,29,29,257,585,73,513,31,21,25,25,26,16,22,7,266,8,123,39,101,148,11,9,231
2011/7/13,29,12,1125,167,3,22,22,55,38,90,11,39,1,89,143,6,25,250,72,76,42,60,41,54,135,515,21,2,66,4,169,20,91,11,9,26,26,286,535,80,498,32,19,20,43,24,19,26,4,69,7,137,44,46,145,16,12,173
2011/7/14,24,25,1288,232,5,32,49,70,69,112,11,54,2,109,207,22,40,146,87,72,55,13,71,59,190,602,26,6,68,2,134,19,44,17,5,15,56,350,555,77,492,23,20,23,13,21,28,27,6,96,9,113,49,38,153,11,9,140
2011/7/15,33,20,874,372,4,28,32,84,63,176,12,82,1,178,118,27,47,255,115,115,62,2,151,72,329,750,10,8,96,3,203,18,59,14,8,15,25,255,312,42,564,28,27,21,42,36,28,24,7,43,9,110,46,82,211,9,11,167
2011/7/16,33,23,141,325,5,25,22,111,60,163,11,98,3,164,12,16,60,164,117,117,356,11,91,86,267,143,24,2,106,4,201,31,53,27,6,17,29,274,32,68,860,28,24,6,31,28,15,41,4,55,6,190,41,36,207,17,11,139
2011/7/17,49,17,116,519,4,23,31,125,38,235,13,159,4,222,4,20,81,174,128,152,31,6,132,100,220,238,18,6,144,2,210,40,40,10,10,15,26,351,567,87,1006,39,25,21,50,18,26,27,6,64,8,136,40,172,182,11,9,110
2011/7/18,48,31,477,612,3,62,39,56,48,346,20,150,7,446,2,16,98,113,133,146,48,6,165,96,24,624,9,4,212,3,254,50,22,11,8,16,18,324,573,68,842,23,24,14,53,22,21,19,7,57,6,121,44,51,139,7,9,137
2011/7/19,37,27,563,49,3,50,52,21,65,574,21,122,5,447,2,23,2,161,104,134,60,1,148,107,317,512,24,5,221,2,264,50,20,15,11,34,357,249,594,75,444,34,26,17,39,22,18,32,6,51,5,130,43,57,140,10,8,165
2011/7/20,76,54,515,6,3,30,72,2,46,243,11,87,2,310,3,5,1,99,55,56,39,4,70,192,43,320,19,2,72,4,151,55,134,19,54,22,167,218,556,70,440,28,25,13,31,28,19,34,6,38,10,86,49,41,177,11,9,152
2011/7/21,114,50,292,25,2,31,79,33,54,63,15,47,3,5,1,3,4,145,47,30,40,3,30,349,57,262,13,10,3,2,92,27,95,16,33,17,464,54,420,79,497,30,23,22,41,21,32,28,7,149,8,144,42,68,227,11,10,132
2011/7/22,167,64,501,183,4,28,113,20,29,16,11,9,2,114,1,7,4,145,12,22,64,1,3,217,186,82,15,9,21,3,12,32,96,21,20,16,255,274,429,78,769,28,21,13,48,34,33,14,6,66,9,119,37,104,161,8,11,208
2011/7/23,42,84,400,179,4,26,160,25,112,22,10,39,2,129,3,8,7,172,41,49,19,10,29,66,139,295,16,6,31,5,93,59,79,15,30,19,291,252,479,74,877,34,16,12,56,35,20,14,5,50,10,96,40,61,180,8,10,204
2011/7/24,68,108,507,265,4,31,207,15,59,14,11,10,3,127,3,22,8,165,48,70,3,1,33,11,38,297,18,9,43,3,80,50,95,23,44,19,81,249,749,59,880,28,19,16,30,23,15,40,3,52,6,122,51,72,195,14,11,143
2011/7/25,45,46,597,330,5,43,86,9,57,95,22,29,2,158,2,23,7,273,50,57,5,5,25,92,9,284,26,14,39,3,88,55,135,20,41,15,202,273,351,54,585,28,21,23,36,14,16,19,8,61,7,138,47,33,193,19,12,174
2011/7/26,42,21,459,72,2,23,28,12,79,145,15,75,1,123,4,7,14,131,61,88,5,2,32,85,38,282,22,9,51,3,108,39,121,16,15,40,388,207,399,79,478,23,22,12,40,20,20,18,5,28,8,91,45,41,164,8,12,170
2011/7/27,67,17,417,73,3,40,11,15,38,84,12,51,3,112,32,23,3,172,44,42,5,9,28,68,60,269,21,2,36,1,87,17,21,12,14,29,304,198,443,108,467,28,23,21,40,30,22,19,5,63,9,132,41,45,197,12,9,241
2011/7/28,47,22,462,185,5,23,27,10,82,111,15,43,1,113,60,23,7,161,59,72,8,10,26,101,113,211,18,4,40,3,79,20,17,16,11,8,487,228,656,68,535,27,20,9,47,38,33,18,7,113,6,167,41,72,161,19,9,186
2011/7/29,51,50,504,90,3,37,37,5,61,127,9,71,3,137,78,37,19,187,64,77,9,8,38,75,143,72,33,3,46,2,104,33,10,12,10,21,295,165,490,57,619,32,22,32,68,33,16,23,7,44,7,107,53,54,181,10,9,145
2011/7/30,52,33,564,3,4,44,29,21,90,154,12,63,4,105,32,28,8,202,102,130,12,8,38,71,61,16,18,3,60,2,134,47,32,20,20,12,309,111,640,98,851,31,24,15,52,32,18,25,4,59,9,129,52,45,204,14,10,217
2011/7/31,54,44,864,35,2,48,20,4,41,95,17,36,3,99,29,21,27,153,55,55,11,5,24,97,171,311,16,5,65,2,86,72,60,28,146,23,17,109,279,86,936,29,22,22,49,27,21,35,5,47,8,122,45,87,171,7,10,180
2011/8/1,41,31,479,78,3,58,31,11,61,102,11,40,1,82,31,12,21,101,62,74,16,2,13,98,146,311,15,7,40,4,107,104,51,17,73,28,45,115,378,72,540,30,18,25,41,20,11,13,5,38,7,120,41,76,195,7,8,174
2011/8/2,58,19,375,160,3,88,21,7,85,84,16,59,2,107,38,14,10,252,84,79,20,7,24,80,124,373,33,3,63,4,107,45,124,11,72,24,30,119,444,70,418,22,22,29,47,22,9,22,6,130,11,130,47,62,180,10,10,246
2011/8/3,40,37,337,153,3,122,31,15,89,115,20,50,5,106,43,20,12,111,85,51,23,8,20,73,26,324,16,1,70,3,107,42,28,13,12,33,18,132,702,71,512,34,21,44,20,28,9,19,6,80,4,104,40,60,187,11,10,192
2011/8/4,43,29,378,270,5,177,35,1,114,120,10,60,3,156,72,21,24,264,67,54,17,10,29,79,1,297,10,5,64,2,106,35,34,20,13,14,323,173,558,72,771,29,23,7,26,57,4,16,5,34,9,106,50,57,195,12,12,192
2011/8/5,53,22,425,83,5,142,26,1,32,122,6,63,1,91,69,19,29,124,88,83,18,12,51,96,60,269,26,2,70,2,109,47,14,18,40,35,264,1,719,64,1077,25,25,26,67,66,5,11,7,255,7,104,49,38,174,9,12,203
2011/8/6,64,15,735,54,6,11,32,1,49,70,17,83,1,110,46,7,42,179,55,81,18,12,15,79,98,324,7,5,74,3,53,50,55,19,134,27,437,103,646,65,1013,31,18,21,63,20,1,24,4,102,7,147,49,38,188,11,7,192
2011/8/7,49,16,465,104,4,24,17,4,66,69,26,51,3,96,38,19,43,172,61,48,11,1,30,123,198,382,36,6,46,3,60,49,59,27,67,15,248,217,585,68,622,41,23,18,52,21,26,21,4,67,9,97,45,57,213,13,9,178
2011/8/8,32,15,706,140,5,60,32,3,89,98,13,32,1,99,35,9,19,138,74,54,32,8,11,76,13,500,20,2,57,3,56,64,70,19,49,26,461,13,586,91,547,29,28,32,38,25,21,21,7,79,10,106,51,74,200,7,9,183
2011/8/9,43,13,676,139,2,13,31,7,50,131,12,24,1,84,35,9,5,115,56,65,13,6,16,79,20,550,33,2,64,3,70,58,128,21,9,23,371,24,317,72,2551,28,17,9,35,27,47,18,7,105,5,93,38,77,141,7,8,181
2011/8/10,40,28,513,123,3,39,42,7,92,101,4,47,2,192,53,21,11,146,56,68,21,9,33,57,3,515,11,3,60,4,93,49,217,23,4,30,149,25,677,75,336,28,21,10,39,35,32,16,7,40,9,114,53,91,215,15,9,112
2011/8/11,52,16,593,6,3,48,24,1,70,128,13,95,1,161,62,35,12,245,83,94,16,10,36,80,116,371,9,1,78,2,124,52,89,23,4,18,341,72,724,87,642,32,22,14,41,57,20,19,7,108,6,98,52,32,188,10,10,243
2011/8/12,68,9,700,108,4,41,16,6,53,151,12,55,6,117,59,32,34,110,93,126,18,13,49,90,195,247,20,4,65,2,137,43,75,29,4,19,499,145,781,99,993,31,30,18,28,41,17,23,7,79,8,97,51,27,167,8,14,166
2011/8/13,60,19,751,186,3,40,20,19,33,103,19,27,4,116,38,29,44,271,120,149,8,11,36,123,133,271,16,7,39,3,137,73,86,36,4,24,413,158,712,96,1117,28,16,23,53,30,16,21,4,66,8,146,41,43,174,9,9,119
2011/8/14,64,20,599,104,4,55,23,2,34,79,26,50,3,69,28,28,26,199,110,82,29,12,21,135,51,347,10,4,38,3,125,78,175,36,16,16,186,230,329,73,557,32,23,13,43,17,16,20,8,311,3,113,56,69,233,9,10,155
2011/8/15,46,16,438,171,5,37,27,4,66,83,11,30,4,114,39,27,22,113,67,64,31,15,18,114,190,435,14,4,47,3,58,67,185,26,12,16,63,223,412,71,505,29,16,24,36,28,28,25,7,39,5,164,41,31,179,8,11,221
2011/8/16,36,41,491,215,3,34,41,16,42,89,30,45,3,98,30,19,13,319,62,73,14,6,17,100,126,430,21,2,61,3,73,49,201,15,9,2,77,93,352,78,592,21,26,18,17,35,41,19,6,47,7,173,49,73,212,6,12,215
2011/8/17,39,33,535,290,4,47,40,13,54,109,11,51,1,167,54,16,5,170,64,77,23,6,22,44,20,227,28,3,56,4,91,27,170,21,7,13,37,113,507,82,536,27,24,19,44,27,36,21,6,76,9,83,42,164,188,7,11,141
2011/8/18,55,12,541,290,3,22,29,2,84,139,18,68,3,144,73,23,8,170,77,84,26,12,43,76,18,302,41,14,68,3,132,27,75,34,12,21,44,117,900,57,592,33,25,12,45,48,19,23,5,70,7,186,44,75,184,6,12,168
2011/8/19,70,21,535,174,3,59,31,4,44,140,10,41,1,84,31,43,15,142,84,84,24,5,48,104,78,297,20,4,59,3,113,28,65,40,4,15,100,192,842,78,986,25,22,15,62,48,26,21,4,55,9,166,49,54,137,10,8,158
2011/8/20,60,11,865,141,4,44,17,8,100,102,11,24,1,103,24,28,47,149,57,67,16,8,24,102,81,295,11,10,56,3,75,60,59,32,17,12,291,286,169,89,832,22,20,15,49,31,14,20,7,32,5,159,47,23,207,9,12,164
2011/8/21,51,17,356,125,3,60,14,12,129,91,20,37,3,55,14,15,38,175,63,40,18,5,21,133,185,425,18,7,63,3,78,81,82,30,9,34,414,258,218,43,444,28,24,19,43,25,18,21,4,100,8,140,45,67,122,9,9,224
2011/8/22,33,10,457,129,4,40,25,38,50,103,25,41,3,89,28,13,16,178,53,57,16,7,18,78,233,540,15,6,67,2,55,69,114,31,9,34,356,206,226,62,536,27,23,12,39,22,18,20,8,67,8,120,51,76,177,9,8,231
2011/8/23,35,24,295,268,3,36,45,19,83,105,18,55,1,91,46,35,13,149,55,47,19,10,28,68,66,142,22,2,53,3,73,54,108,25,10,29,310,79,288,67,528,30,25,9,38,27,41,24,6,65,8,203,43,55,268,8,11,164
2011/8/24,37,23,397,351,5,34,41,3,39,102,11,36,3,163,50,17,19,159,30,42,20,4,36,85,5,261,11,1,57,3,89,38,47,20,19,15,267,67,537,76,512,31,29,15,50,32,44,23,8,82,6,170,49,175,178,8,8,165
2011/8/25,49,19,498,73,3,37,27,10,125,114,13,47,2,62,94,62,27,162,58,51,26,14,86,66,1,188,15,2,78,2,122,32,22,34,13,23,189,80,665,78,561,32,19,15,53,42,15,16,6,266,12,110,44,53,244,11,10,136
2011/8/26,69,11,582,87,3,46,14,3,76,45,15,13,3,93,62,27,19,158,22,9,28,21,18,87,16,262,33,3,64,2,41,36,43,42,4,25,243,112,766,88,971,26,28,18,56,49,18,27,6,44,6,138,46,41,185,16,8,176
2011/8/27,29,20,715,88,3,68,26,8,72,92,19,24,1,52,47,24,38,138,22,16,26,15,13,157,66,346,15,1,79,3,58,36,55,43,10,28,386,216,664,52,962,30,23,25,47,26,16,19,6,38,8,82,45,73,232,9,14,143
2011/8/28,44,9,649,106,3,68,23,13,70,37,22,17,3,69,24,20,18,192,25,7,52,14,13,62,160,383,12,4,53,5,58,57,79,40,20,34,275,213,346,74,559,22,22,24,48,23,28,25,7,48,6,164,36,43,184,6,10,169
2011/8/29,26,12,516,140,5,58,28,16,43,84,23,29,2,107,46,21,23,135,28,24,19,16,15,74,190,554,39,6,57,2,72,61,128,13,10,27,288,76,367,61,462,31,22,16,41,33,47,22,4,64,8,166,46,53,207,11,8,226
2011/8/30,31,32,506,152,5,43,48,19,43,80,13,40,2,102,59,29,19,131,38,38,19,12,26,44,237,616,8,2,58,5,48,23,140,15,10,21,309,20,521,82,485,29,34,13,31,42,48,21,5,75,8,149,47,47,207,7,13,135
2011/8/31,40,2,501,248,3,45,13,5,113,83,8,59,2,121,90,38,16,227,42,38,16,24,18,73,84,374,40,3,66,4,58,44,66,22,13,24,167,78,785,74,524,23,18,14,39,45,16,22,5,49,8,177,47,54,204,7,11,246
2011/9/1,51,9,743,328,2,33,24,5,38,141,12,96,1,144,92,44,31,199,67,82,22,15,54,70,32,363,19,4,83,3,90,31,68,24,16,14,117,81,978,65,611,25,22,9,42,60,22,21,5,42,6,117,46,59,164,9,11,130
2011/9/2,63,10,749,75,2,50,10,10,53,122,12,53,5,81,73,56,70,112,62,83,26,14,60,82,86,397,9,2,82,3,103,28,43,37,11,26,533,122,823,81,1133,29,25,14,49,28,13,24,7,129,9,112,44,42,200,6,8,236
2011/9/3,65,15,803,74,3,58,20,21,105,79,29,63,4,66,38,42,11,166,49,54,27,14,20,106,341,572,35,6,60,3,30,31,59,48,61,21,186,169,673,67,675,32,27,18,32,35,16,21,8,39,8,134,55,54,148,19,13,254
2011/9/4,35,15,742,239,3,70,19,21,92,72,11,30,2,67,33,17,9,126,36,24,51,12,24,125,445,593,32,5,48,2,41,55,97,29,42,36,483,186,297,63,615,25,18,23,39,28,21,20,5,84,10,107,41,75,149,22,9,200
2011/9/5,50,19,485,314,3,33,23,14,86,74,12,58,1,95,28,41,10,126,39,45,31,12,24,81,502,447,24,2,52,4,91,41,162,34,5,24,730,88,306,82,532,29,27,17,40,20,33,20,5,86,8,160,48,58,195,9,7,145
2011/9/6,52,35,377,460,4,54,36,18,59,105,13,61,2,55,45,64,9,99,54,50,22,9,22,68,282,221,11,2,62,2,115,29,96,37,9,14,300,87,322,53,597,26,17,17,33,31,21,23,6,57,5,90,42,47,210,11,8,191
2011/9/7,49,33,427,411,3,36,31,7,53,134,58,95,1,102,91,73,3,195,62,72,21,14,62,66,16,92,35,1,67,3,130,29,59,31,12,17,233,82,587,96,478,28,19,16,54,35,25,24,4,47,10,143,47,70,177,10,15,177
2011/9/8,46,13,527,448,4,39,22,5,52,99,10,75,2,109,60,55,29,152,62,61,22,17,63,83,92,30,24,2,57,3,121,26,82,24,6,24,197,86,699,78,1286,30,25,10,71,35,6,22,6,64,10,108,42,26,191,10,13,251
2011/9/9,57,9,706,178,4,56,14,10,36,90,17,61,1,75,33,31,27,119,55,53,20,7,45,111,155,2,22,5,59,2,109,40,123,46,9,27,231,101,599,58,1139,28,20,9,69,28,16,18,6,70,8,171,53,36,269,9,11,115
2011/9/10,55,5,494,152,4,55,28,12,55,93,25,60,3,57,11,42,69,147,33,55,27,5,22,87,181,1,22,4,50,2,71,59,112,29,21,33,348,218,265,67,556,23,29,25,41,15,37,20,6,54,10,112,42,28,152,9,12,189
2011/9/11,33,20,425,127,4,28,48,25,72,77,16,38,2,60,18,16,21,162,41,32,28,10,31,97,264,480,12,2,35,2,66,53,243,26,22,37,313,143,163,70,520,24,16,27,41,23,31,21,4,105,8,142,45,57,162,13,10,187
2011/9/12,39,27,270,187,4,34,43,12,78,71,17,10,2,67,28,27,22,149,43,27,17,10,23,52,319,391,39,1,56,2,74,46,147,31,7,34,426,80,288,68,589,27,25,19,31,46,32,23,6,100,5,170,41,76,179,17,9,148
2011/9/13,29,31,356,292,3,24,35,5,65,90,7,42,2,125,45,18,26,199,45,45,22,6,36,45,289,191,11,3,53,3,87,41,111,25,6,26,256,97,318,71,510,34,26,15,24,35,48,23,5,59,12,109,41,53,199,10,10,182
2011/9/14,43,21,364,243,5,34,42,6,55,130,10,59,1,76,64,61,14,175,50,52,31,11,66,51,137,74,10,1,58,2,128,34,93,24,5,23,252,106,510,59,453,24,23,11,71,31,39,21,7,52,9,131,41,79,178,9,9,190
2011/9/15,68,12,529,124,4,49,16,10,96,135,13,40,4,73,77,49,15,116,77,80,15,19,59,77,79,10,13,2,45,3,171,21,47,37,9,22,656,145,729,62,989,23,27,16,77,71,40,17,6,63,9,139,43,67,123,14,9,214
2011/9/16,56,10,767,78,4,59,16,13,44,100,12,15,3,39,34,23,6,154,37,68,26,5,23,85,124,423,38,13,52,4,62,30,8,40,4,35,495,326,639,76,943,24,20,32,39,57,19,28,5,92,9,117,41,49,159,9,11,156
2011/9/17,36,9,689,98,4,67,17,10,34,62,20,23,2,63,36,38,5,156,18,13,20,3,16,112,135,275,15,7,48,3,59,29,95,22,21,45,406,269,288,80,746,28,22,25,49,45,10,20,3,35,6,81,54,168,117,8,12,172
2011/9/18,24,18,380,125,4,75,32,12,46,78,14,24,2,50,46,23,4,164,27,33,26,9,35,64,158,314,21,2,31,4,54,40,54,20,8,34,413,287,310,69,584,22,32,9,117,23,12,25,4,32,9,83,47,51,211,10,12,183
2011/9/19,23,36,358,163,4,47,39,18,70,74,10,44,3,81,30,29,23,253,29,33,28,4,21,25,228,254,13,5,39,4,69,30,66,16,6,34,413,213,320,68,688,29,25,16,51,23,32,19,9,55,7,154,44,50,169,17,11,159
2011/9/20,24,38,369,355,4,41,31,4,55,95,20,37,2,113,50,14,16,214,19,44,14,6,29,54,29,279,37,2,34,3,85,17,1,21,10,18,330,245,376,86,653,24,28,105,32,21,25,21,7,34,6,136,36,66,156,11,10,179
2011/9/21,53,13,424,417,4,36,19,3,53,126,14,83,3,115,55,15,14,117,41,68,18,16,51,44,22,405,20,1,51,4,129,17,7,26,3,11,267,83,382,78,790,29,26,15,58,37,14,21,4,102,10,110,43,87,285,9,12,229
2011/9/22,49,11,455,177,4,54,19,9,62,126,5,64,4,75,55,38,45,190,47,68,23,10,51,66,104,210,24,5,51,3,130,25,38,35,3,25,445,88,636,70,1074,24,33,16,67,25,30,21,7,65,6,149,34,57,220,21,10,169
2011/9/23,47,12,798,127,4,67,30,11,103,73,13,26,6,75,33,20,31,136,21,49,21,10,18,94,124,261,12,14,34,3,74,31,62,28,52,45,170,99,400,73,1344,28,22,24,49,14,36,23,5,52,8,84,55,38,233,16,9,170
2011/9/24,30,20,525,118,3,55,14,13,57,88,23,45,3,61,29,11,8,153,24,35,30,12,24,101,218,271,20,7,34,2,77,39,91,20,28,19,192,191,327,84,730,32,21,22,49,33,63,24,6,38,8,97,31,28,214,9,10,186
2011/9/25,23,16,380,165,4,60,24,23,74,59,18,33,1,74,38,22,4,153,32,33,21,8,31,44,213,286,20,5,39,3,74,48,62,13,11,7,354,86,338,58,432,26,36,9,40,43,33,21,6,66,7,119,41,52,208,15,11,172
2011/9/26,43,28,343,207,4,17,53,19,85,56,5,41,3,71,45,29,12,157,58,63,11,7,25,58,325,381,24,5,37,3,86,13,25,24,6,11,281,77,393,79,698,29,16,12,31,64,30,19,6,49,6,167,46,65,177,9,8,151
2011/9/27,30,30,384,275,3,33,36,23,58,85,2,52,1,119,89,12,30,175,59,38,6,11,20,53,217,548,46,5,44,4,71,30,38,20,6,14,324,80,520,74,351,32,21,12,30,35,32,24,6,121,10,116,43,45,211,12,11,156
2011/9/28,32,16,435,200,4,22,19,3,61,131,9,61,2,83,83,44,16,165,66,81,19,12,42,54,119,584,15,5,56,4,115,10,74,14,8,9,194,101,882,64,999,32,18,16,56,48,31,21,5,60,8,126,43,68,167,9,10,243
2011/9/29,60,14,833,133,5,50,21,12,41,64,9,44,1,61,86,15,9,185,55,75,16,5,23,63,155,373,30,7,39,3,112,3,143,25,10,11,366,155,810,102,1235,25,23,12,57,34,19,23,6,43,10,101,28,63,165,8,8,187
2011/9/30,20,9,699,136,5,69,19,13,66,64,21,38,1,68,76,13,21,180,72,76,17,10,19,105,182,480,19,6,53,3,94,6,136,18,75,40,175,243,807,84,1297,29,22,17,40,30,28,21,6,94,8,139,49,62,143,8,8,215
2011/10/1,45,4,662,144,3,56,23,19,72,61,15,26,2,59,55,21,21,207,56,58,31,16,19,74,281,310,26,6,46,2,63,3,41,28,36,39,220,224,647,67,725,22,32,20,46,32,26,26,6,64,7,158,44,58,260,17,10,195
2011/10/2,20,17,558,211,4,37,18,15,43,52,8,33,2,53,21,18,39,129,64,58,29,3,19,56,367,412,15,5,44,2,67,2,25,29,17,35,523,95,403,75,764,27,17,11,39,41,23,19,7,33,9,143,39,163,311,10,9,154
2011/10/3,26,16,611,424,3,17,29,7,74,58,7,30,2,97,39,30,45,197,40,67,29,5,27,62,187,365,14,3,54,4,108,4,20,20,11,28,304,136,287,81,754,36,27,17,44,28,48,23,6,38,7,121,46,55,201,10,10,121
2011/10/4,30,16,400,453,4,31,33,23,78,106,10,70,2,105,55,52,6,203,47,73,16,7,65,48,17,487,12,4,59,5,118,12,60,22,10,75,385,88,349,61,802,32,22,13,44,40,18,22,5,94,6,147,41,99,123,10,8,220
2011/10/5,77,9,378,459,3,20,19,18,44,103,17,55,2,77,61,29,1,197,63,84,15,13,53,45,288,425,32,4,45,2,102,17,53,19,10,39,185,117,427,79,1285,29,25,9,38,75,27,25,6,78,7,219,56,61,207,6,11,192
2011/10/6,77,16,452,307,4,46,16,9,89,81,17,62,2,65,29,47,1,117,62,82,16,6,48,91,184,348,18,5,20,2,109,26,47,29,15,24,141,151,652,94,1311,29,22,8,83,44,27,23,5,45,10,150,45,50,160,14,9,150
2011/10/7,41,8,705,358,4,59,23,9,86,60,29,50,3,99,26,18,1,241,56,64,22,10,31,82,103,320,34,5,50,3,97,3,76,25,27,48,471,237,254,70,748,32,21,19,37,66,23,21,7,251,6,73,43,169,198,7,7,178
2011/10/8,51,14,417,164,3,55,21,19,74,79,19,55,1,52,33,55,6,88,74,60,13,9,33,70,186,282,21,4,49,2,85,4,80,20,38,27,337,232,334,62,482,27,29,25,38,44,33,20,6,65,7,187,45,31,179,7,8,238
2011/10/9,59,21,384,163,4,34,41,21,61,61,14,33,2,68,27,16,11,97,39,60,36,7,14,60,283,156,25,5,44,3,72,7,29,25,8,36,473,109,300,67,635,33,21,13,24,41,57,24,6,58,9,122,46,57,162,13,13,180
2011/10/10,38,24,426,241,3,31,38,15,54,67,9,27,8,55,51,21,9,139,63,64,24,2,16,85,289,391,7,5,42,4,81,37,26,16,7,39,389,99,313,106,565,28,29,12,35,52,43,26,4,38,7,96,33,33,205,10,12,224
2011/10/11,28,35,395,434,3,30,44,13,68,61,11,60,2,94,74,47,40,145,53,73,19,15,20,48,17,68,28,5,54,3,74,28,48,26,23,15,449,103,533,80,824,31,18,6,31,38,27,20,7,88,11,183,46,54,207,12,9,197
2011/10/12,37,24,535,224,5,23,29,11,47,112,18,64,2,61,56,42,27,132,81,86,10,18,48,59,153,372,32,6,45,3,122,52,121,27,31,9,195,106,711,90,1372,26,16,9,71,88,19,21,6,85,7,153,42,43,205,8,9,149
2011/10/13,60,20,659,259,5,28,29,7,74,68,14,50,5,47,71,27,11,273,64,78,11,8,18,66,163,226,8,6,47,4,63,59,122,31,28,16,142,141,661,72,1365,28,24,14,41,32,20,20,6,50,6,173,50,44,211,8,9,176
2011/10/14,30,14,453,190,2,64,17,13,76,58,31,56,1,63,51,16,8,103,57,55,16,14,19,95,266,364,16,3,45,2,70,39,86,15,29,31,147,74,264,78,783,26,20,26,8,34,30,21,5,42,7,142,53,57,204,12,10,171
2011/10/15,36,14,291,181,4,29,28,32,106,55,23,37,1,68,26,19,22,134,48,56,26,5,19,63,254,276,13,4,49,3,85,20,34,25,41,46,207,207,495,73,511,29,17,10,36,20,49,19,5,60,9,156,50,44,147,8,12,194
2011/10/16,35,17,469,321,4,31,25,31,53,52,10,55,3,51,39,16,31,159,48,53,19,10,13,68,485,378,15,4,53,3,69,26,42,18,8,40,93,138,348,71,628,28,25,6,25,37,69,19,5,99,6,119,47,43,194,17,10,163
2011/10/17,40,25,349,627,6,29,30,34,71,48,15,45,2,87,47,34,35,161,56,41,15,10,24,58,400,232,13,3,54,2,60,30,120,26,2,29,258,104,365,81,901,32,25,16,44,63,61,21,6,83,8,147,40,57,177,13,10,165
2011/10/18,30,12,305,619,5,31,12,22,97,57,17,81,3,110,64,28,35,184,54,51,14,19,43,64,206,118,13,3,58,3,89,40,21,23,6,23,206,68,448,74,797,32,21,8,68,100,15,21,7,31,10,112,56,195,204,8,12,210
2011/10/19,49,13,261,226,3,20,13,10,68,64,16,52,1,57,58,39,19,134,54,43,12,17,29,46,274,177,21,5,53,2,94,60,57,31,25,38,322,161,616,51,936,23,22,14,90,74,15,26,5,252,8,123,47,64,188,10,9,229
2011/10/20,75,7,524,284,4,54,13,13,57,37,17,39,1,67,25,30,19,127,29,37,18,15,16,93,259,43,9,6,48,3,41,42,103,39,27,32,112,218,518,95,1232,26,24,20,50,45,16,19,5,83,7,132,36,47,154,7,10,238
2011/10/21,25,12,577,208,3,55,19,15,96,37,33,50,6,51,25,17,160,123,60,44,31,10,37,96,266,30,15,6,57,3,65,23,201,17,30,47,189,237,235,91,1283,27,19,31,28,24,23,24,8,91,8,167,43,24,151,18,11,229
2011/10/22,51,12,184,267,3,37,12,29,69,35,29,48,3,58,31,10,47,136,30,22,29,9,14,63,325,37,18,6,54,3,21,28,69,23,9,45,234,106,244,61,963,28,21,15,49,28,36,21,4,59,7,139,51,38,233,18,13,234
2011/10/23,35,41,62,371,4,36,43,17,52,31,20,23,2,67,28,12,45,134,71,74,16,6,19,82,401,55,33,6,45,3,117,28,53,23,6,29,476,97,271,80,540,30,20,20,34,43,38,22,5,73,8,115,41,60,161,11,10,199
2011/10/24,42,25,79,549,3,42,28,19,65,97,15,47,6,104,47,17,65,76,57,64,28,12,25,49,312,18,19,5,53,3,84,42,48,21,7,21,129,107,292,71,498,28,23,13,50,50,27,20,5,51,7,160,38,69,214,8,10,169
2011/10/25,44,8,326,509,4,20,19,4,34,72,12,83,3,105,20,40,55,175,72,89,15,9,42,60,144,167,16,7,60,3,100,69,52,18,5,26,481,107,408,71,691,33,25,18,85,91,23,21,5,68,8,109,39,24,154,15,8,204
2011/10/26,51,21,394,205,4,37,34,9,48,26,17,75,4,68,52,26,36,112,102,109,16,10,39,69,170,184,22,5,77,3,127,62,84,36,17,35,637,153,233,54,1048,24,21,9,83,40,18,21,7,34,8,159,38,60,181,8,9,214
2011/10/27,91,14,279,196,4,35,27,12,71,52,20,44,1,95,36,11,29,101,49,75,22,9,11,93,178,140,32,4,47,3,78,46,119,24,29,30,347,252,397,73,752,24,17,34,42,41,23,25,7,66,6,95,40,73,166,15,11,176
2011/10/28,42,17,74,162,3,38,12,18,41,64,30,48,2,62,32,16,32,196,51,69,16,4,17,102,174,381,15,6,60,5,85,58,96,21,43,32,550,241,310,85,670,30,21,22,59,39,22,22,10,252,9,90,45,33,190,14,9,156
2011/10/29,37,16,402,198,4,29,25,9,71,116,23,36,6,81,11,10,31,136,18,42,23,4,16,46,274,184,20,3,53,2,81,58,55,23,6,32,365,242,267,66,720,34,26,13,49,30,19,19,7,79,8,203,41,75,172,17,11,176
2011/10/30,54,26,291,248,4,28,58,19,80,68,19,48,2,97,39,3,30,168,41,33,14,7,16,67,121,179,28,4,60,3,75,51,52,20,9,26,369,93,178,51,546,29,29,18,51,39,27,19,7,49,7,164,43,51,218,11,12,142
2011/10/31,37,28,163,213,4,29,39,15,66,132,15,45,14,70,65,6,42,163,48,41,37,7,30,51,244,197,15,7,62,2,43,62,48,25,7,32,355,87,367,97,1188,28,22,12,54,29,26,27,7,56,8,118,47,71,204,18,12,114
2011/11/1,70,14,3,376,5,18,15,16,66,90,15,31,9,122,77,6,52,143,6,46,37,17,16,58,209,233,19,6,72,2,7,76,52,24,7,30,299,110,470,69,1177,32,21,15,52,24,26,20,6,101,8,144,40,67,216,16,12,127
2011/11/2,49,12,607,239,2,26,35,8,50,80,15,68,5,91,22,11,20,119,32,34,37,4,43,97,148,150,12,5,92,3,47,58,64,31,9,35,111,155,419,65,954,25,18,17,80,31,34,20,4,57,7,125,44,66,135,9,11,229
2011/11/3,92,16,571,183,4,46,20,7,102,34,32,57,6,75,35,48,19,130,31,23,22,10,24,58,116,138,16,2,59,3,48,32,107,36,93,25,91,174,221,61,494,28,23,24,57,30,15,19,7,93,10,155,41,69,187,18,9,171
2011/11/4,78,16,273,108,3,48,19,26,90,85,26,35,3,39,36,42,26,115,26,23,26,11,15,103,154,295,19,7,50,4,28,36,122,26,85,26,115,202,269,62,629,36,19,15,43,33,22,20,7,62,8,183,46,32,203,12,10,218
2011/11/5,55,9,292,189,4,27,14,22,51,125,11,29,2,85,25,38,23,132,50,47,82,11,8,80,260,320,14,5,51,3,2,206,54,18,57,11,43,110,286,85,523,30,18,22,35,42,29,27,6,43,5,103,36,67,205,10,9,136
2011/11/6,28,11,302,419,3,28,14,28,96,117,18,53,4,126,47,58,34,94,53,79,36,9,22,74,263,360,23,4,62,2,33,35,41,20,66,32,126,100,298,80,536,33,16,5,36,34,25,19,6,38,10,108,38,46,209,19,11,164
2011/11/7,54,18,378,400,4,23,38,10,90,34,9,83,5,96,77,62,44,154,91,42,37,18,57,46,137,749,8,6,100,6,68,66,41,18,5,37,130,115,420,114,455,36,18,24,51,32,26,27,6,51,11,119,45,63,147,9,9,144
2011/11/8,103,19,415,182,5,23,24,8,52,26,12,80,7,94,88,52,48,328,82,36,25,22,42,82,157,183,21,5,91,3,83,49,63,21,5,15,121,123,598,67,992,23,19,9,63,34,25,25,5,58,8,89,43,152,157,9,9,159
2011/11/9,97,47,615,188,3,22,48,18,39,51,12,34,1,59,60,49,18,115,47,29,51,17,18,113,200,134,13,5,60,2,26,43,62,31,12,28,364,183,573,95,1382,20,26,14,62,41,20,23,7,60,5,181,48,60,168,7,9,169
2011/11/10,50,12,645,165,4,52,11,11,70,54,26,39,3,68,28,15,23,151,61,84,47,5,16,106,172,70,20,5,70,4,29,7,88,31,54,46,231,229,473,87,591,34,28,13,37,35,16,25,5,44,6,137,35,55,185,8,12,223
2011/11/11,49,279,591,212,3,47,19,26,44,94,26,32,7,62,25,51,30,146,70,70,37,5,22,65,253,38,6,3,69,4,26,16,46,23,19,59,201,263,213,90,382,22,28,21,40,28,21,22,5,53,6,63,45,172,203,12,14,168
2011/11/12,56,377,242,333,4,39,32,30,71,152,10,23,7,80,27,39,18,212,47,74,54,11,19,62,333,12,13,7,68,3,90,23,50,21,13,41,479,121,269,79,573,32,30,15,23,38,35,24,8,66,10,149,43,34,231,9,9,198
2011/11/13,45,36,256,447,3,26,35,28,33,167,21,30,6,119,45,12,15,274,43,100,28,17,30,77,372,10,22,4,74,3,83,33,54,27,12,34,271,119,280,67,454,26,24,12,58,30,27,19,5,70,6,118,47,73,179,10,8,188
2011/11/14,61,17,275,495,5,27,18,15,69,108,17,35,1,113,58,38,37,208,56,76,126,14,56,55,334,44,15,6,101,3,96,59,44,20,19,18,229,160,428,116,1063,27,22,10,46,34,27,20,6,43,5,111,42,83,169,18,10,135
2011/11/15,101,90,314,442,4,23,14,7,50,88,23,58,2,101,65,26,14,130,66,21,12,15,65,79,216,52,27,9,110,2,113,97,72,33,55,16,336,208,431,81,1358,30,21,5,67,31,27,19,6,44,7,120,43,58,189,11,9,160
2011/11/16,108,34,522,223,4,34,38,11,66,44,19,44,7,55,28,39,17,126,57,54,12,10,63,156,229,23,19,6,105,3,88,72,186,36,26,46,158,259,413,61,1213,32,24,19,41,42,29,20,6,94,11,160,51,58,148,10,9,125
2011/11/17,84,71,529,222,3,24,26,20,81,58,27,32,9,62,32,37,20,169,42,40,31,8,16,110,268,5,18,4,53,2,36,44,158,16,19,52,192,262,230,87,392,27,22,31,47,34,44,18,6,263,7,105,55,43,166,10,12,170
2011/11/18,38,60,285,290,5,45,19,23,67,56,36,36,20,69,32,36,14,192,47,37,32,8,21,103,223,358,38,6,57,3,77,63,61,16,28,17,296,151,249,62,320,21,22,15,46,43,27,23,5,122,7,125,44,65,204,10,12,126
2011/11/19,37,41,230,395,3,26,52,30,76,103,28,31,11,84,38,10,25,202,43,46,29,10,20,48,33,388,20,5,60,5,71,51,56,19,19,12,368,133,291,78,842,21,18,9,28,23,35,23,4,30,8,117,47,69,180,15,9,125
2011/11/20,61,57,297,460,3,28,58,6,68,142,36,52,17,77,43,57,35,207,39,58,15,10,23,54,10,329,18,3,78,3,41,55,84,13,27,37,193,636,352,68,542,30,23,18,38,41,26,20,4,257,7,153,46,75,212,16,10,230
2011/11/21,53,36,373,179,4,15,55,14,58,80,3,43,22,97,72,41,40,143,41,50,19,11,43,37,27,318,13,6,95,3,56,52,63,16,33,45,383,160,419,55,975,31,24,11,56,40,41,16,6,65,12,175,42,38,201,19,9,137
2011/11/22,88,8,390,27,3,35,16,12,42,72,10,60,12,54,75,32,19,128,41,21,41,22,48,67,162,139,39,3,97,3,75,45,97,29,8,33,1007,226,537,78,1161,30,24,13,62,33,34,21,4,49,5,112,47,33,179,10,11,148
2011/11/23,56,16,556,135,4,54,16,9,39,66,15,34,1,79,32,10,22,161,32,38,40,11,13,98,212,151,13,5,73,2,51,34,156,26,4,12,394,290,472,63,1281,29,24,19,37,35,24,24,6,79,9,154,43,48,193,10,11,211
2011/11/24,44,17,539,257,3,52,19,19,87,77,23,27,6,55,54,3,14,128,34,61,46,5,19,119,191,162,31,4,84,4,35,10,139,27,39,34,288,333,232,53,606,32,31,22,43,34,23,22,5,69,12,174,34,79,179,9,10,213
2011/11/25,48,10,294,216,3,33,17,28,96,131,13,29,12,75,48,6,26,169,22,62,38,6,23,63,301,68,14,4,82,3,50,3,107,19,13,47,481,185,289,59,529,23,20,5,40,33,24,21,6,65,9,138,50,64,220,6,10,207
2011/11/26,41,22,292,302,3,17,37,26,114,140,13,45,21,64,56,8,20,104,73,105,45,9,27,68,375,80,12,4,84,4,87,62,62,15,18,39,335,130,383,79,532,28,25,11,64,28,25,25,5,25,9,128,58,79,142,16,10,164
2011/11/27,68,24,300,435,3,31,31,10,129,128,20,54,15,84,88,13,39,171,50,100,20,18,29,59,235,1,31,4,81,3,111,54,73,19,13,41,213,163,488,53,647,31,21,12,29,35,26,22,9,107,7,128,52,75,203,8,11,193
2011/11/28,34,13,354,538,3,20,11,8,50,83,12,41,17,114,95,9,36,114,85,30,35,22,83,71,79,151,20,5,109,2,141,65,72,18,18,32,275,158,744,84,954,32,29,22,46,25,20,24,8,86,6,143,44,54,150,6,12,256
2011/11/29,105,12,560,227,5,43,25,21,51,61,31,99,4,81,43,10,20,172,89,13,28,9,66,82,46,325,44,3,110,3,114,52,109,19,19,28,415,206,662,69,1213,20,30,10,47,40,23,20,5,72,6,115,49,46,159,12,10,136
2011/11/30,57,14,551,162,3,67,23,18,78,66,23,57,7,74,31,12,24,132,31,45,33,7,32,115,275,158,18,5,65,4,34,75,134,28,29,53,221,299,348,65,466,27,25,14,47,30,28,25,5,50,7,182,40,27,137,9,12,241
2011/12/1,39,19,298,295,3,68,20,33,105,71,20,38,1,65,247,10,20,268,9,67,41,66,31,103,414,139,40,6,58,4,5,85,352,29,24,36,340,268,361,94,686,33,25,14,38,35,22,18,3,255,6,128,47,170,253,10,9,202
2011/12/2,29,21,246,456,5,44,25,31,62,151,15,39,9,62,37,12,34,218,53,75,651,13,23,76,624,135,16,4,54,4,90,100,104,26,6,16,245,153,1552,72,618,28,26,23,29,38,17,26,7,251,11,129,55,67,148,9,10,133
2011/12/3,39,27,1318,647,3,30,33,19,71,130,15,52,1,128,49,12,26,144,47,138,19,8,46,70,665,126,42,6,54,2,81,74,96,12,12,33,431,135,426,47,670,25,27,25,34,31,19,22,5,58,9,133,44,22,195,7,11,246
2011/12/4,41,34,303,655,4,37,39,17,87,90,13,73,1,89,77,11,41,103,70,76,19,13,60,56,187,188,22,4,85,4,135,53,105,25,4,35,152,179,561,52,556,22,18,10,42,38,24,19,6,69,11,159,52,77,236,9,9,195
2011/12/5,101,21,454,421,3,36,15,44,28,83,13,70,2,54,65,13,49,249,83,46,14,20,71,63,379,250,25,4,77,3,151,49,91,26,1,26,347,157,724,76,641,23,27,9,48,28,25,16,5,42,8,176,44,40,191,13,11,164
2011/12/6,95,19,642,357,4,36,24,11,84,503,11,39,4,75,49,9,25,135,51,159,17,11,29,135,1366,27,15,5,49,4,82,41,84,27,9,37,420,193,722,84,556,32,31,9,41,30,30,22,6,65,11,144,42,51,159,10,10,145
2011/12/7,47,16,611,1062,3,64,16,19,46,76,13,34,9,150,42,12,27,253,49,51,44,6,34,122,407,5,22,6,45,3,79,51,157,22,112,66,224,283,377,62,634,32,19,17,35,33,27,23,7,64,8,183,52,73,135,28,12,223
2011/12/8,61,16,323,337,3,62,19,18,49,104,21,131,9,65,36,43,21,187,309,56,28,12,210,83,435,135,22,4,56,2,511,91,190,17,62,45,238,324,356,62,616,32,28,13,14,43,25,21,5,82,6,97,40,43,159,13,12,187
2011/12/9,119,26,291,464,3,35,24,28,55,138,17,37,1,90,35,9,29,179,70,110,24,10,10,72,646,119,10,5,54,3,115,105,88,12,9,27,243,133,413,77,713,25,25,12,37,30,36,24,5,52,5,112,44,148,162,6,10,228
2011/12/10,56,29,263,740,5,44,37,16,108,138,24,56,1,122,50,9,24,114,78,99,24,18,25,210,645,98,25,5,60,1,115,101,94,12,6,42,456,175,429,56,539,28,24,20,46,33,23,23,4,39,7,186,46,59,201,10,11,167
2011/12/11,74,12,287,682,4,30,22,12,58,79,23,94,1,99,69,17,37,129,85,81,22,22,52,63,157,148,18,4,90,4,171,54,72,19,4,34,193,159,592,63,424,28,26,14,51,41,27,18,7,101,6,137,47,38,169,8,10,183
2011/12/12,54,23,361,273,4,27,28,14,86,81,9,83,1,59,67,19,40,128,81,77,31,16,71,96,380,362,17,4,75,2,168,49,112,19,3,37,149,175,706,58,590,27,26,24,37,26,19,20,6,54,8,91,40,43,184,15,9,209
2011/12/13,93,125,522,326,3,51,167,11,79,86,25,48,1,56,35,20,16,146,68,62,26,6,23,84,349,314,22,4,66,3,109,73,201,17,3,34,151,222,731,68,576,32,28,10,49,41,28,20,6,93,11,100,50,53,280,9,8,124
2011/12/14,67,16,404,472,4,63,29,17,70,75,13,48,1,61,43,14,15,120,71,68,14,11,23,129,384,192,15,5,55,2,124,72,228,14,28,28,274,331,368,67,555,31,28,17,44,35,25,19,5,115,5,142,48,63,142,8,10,147
2011/12/15,53,14,289,372,3,53,27,28,101,66,22,48,1,59,40,3,13,145,65,61,32,9,30,76,468,138,18,5,60,2,115,102,77,16,22,54,474,153,427,78,515,30,26,14,52,31,41,21,6,50,10,142,43,72,165,16,11,132
2011/12/16,55,31,305,441,4,33,41,27,70,102,9,37,1,52,51,11,22,102,75,23,22,5,28,62,583,92,16,3,53,4,130,138,75,20,21,38,282,171,445,71,498,33,21,17,18,32,33,20,6,49,6,98,45,60,194,16,11,153
2011/12/17,60,49,306,664,4,27,59,7,53,106,14,35,1,112,44,10,42,248,82,16,13,12,40,71,512,214,17,6,64,4,133,126,70,27,17,34,168,163,468,68,532,26,24,14,39,38,28,20,6,55,6,109,47,38,203,11,8,194
2011/12/18,47,20,244,667,4,28,23,11,54,90,9,96,1,87,66,10,28,114,87,13,28,12,55,74,29,193,24,8,78,2,113,80,68,21,23,30,211,162,546,70,505,35,25,11,45,29,22,21,3,106,8,175,57,54,149,11,12,153
2011/12/19,92,16,332,109,3,50,23,14,91,83,14,44,2,70,88,15,20,112,69,99,22,8,68,74,303,349,9,5,56,2,170,61,109,28,16,23,370,221,686,70,523,29,33,12,56,29,26,19,5,294,5,178,45,30,168,12,10,203
2011/12/20,87,17,581,309,5,65,28,15,27,74,22,35,3,59,30,4,20,176,25,80,22,10,6,75,308,329,14,4,56,6,103,56,261,27,15,32,212,260,798,62,540,31,18,12,48,31,19,15,8,49,6,83,45,48,167,6,8,214
2011/12/21,57,26,552,234,4,61,38,16,54,74,27,36,3,47,43,7,9,248,9,95,26,6,20,79,379,140,24,5,70,4,88,61,104,20,20,49,651,356,358,69,607,32,22,26,22,25,22,25,5,56,8,146,56,41,198,8,10,202
2011/12/22,57,23,324,368,4,27,27,30,80,80,18,36,2,54,35,10,17,158,42,77,21,10,31,75,447,153,24,4,61,3,117,94,43,28,25,26,324,144,407,92,562,28,31,21,39,36,25,22,4,51,6,186,51,48,171,10,9,172
2011/12/23,41,30,265,396,4,27,49,29,109,115,8,33,3,79,52,17,30,133,41,52,16,17,21,76,710,124,7,5,53,3,93,113,83,30,12,35,370,203,343,81,555,39,23,10,16,46,30,21,7,58,7,192,54,34,262,15,11,207
2011/12/24,42,45,247,571,4,140,73,14,54,126,11,49,4,102,53,8,41,163,75,59,23,23,37,74,687,154,12,5,64,4,103,84,83,19,16,37,170,154,460,60,497,26,19,17,46,37,19,20,6,50,8,120,45,86,225,18,10,178
2011/12/25,49,27,328,585,5,43,17,17,52,82,16,67,2,90,68,30,35,181,74,69,21,24,40,58,341,178,26,3,75,3,101,72,161,26,33,65,646,62,600,78,557,21,15,4,72,25,28,21,5,79,9,177,39,36,207,12,10,160
2011/12/26,68,18,328,314,3,46,36,14,78,57,3,50,2,54,36,13,16,142,77,71,16,13,56,60,339,342,30,3,77,3,141,48,108,24,18,50,215,10,765,96,559,30,21,19,53,29,25,21,5,57,6,157,42,28,161,13,11,213
2011/12/27,58,16,520,323,3,57,32,12,79,86,18,40,2,43,27,12,18,157,59,134,13,20,25,94,364,341,34,4,50,4,74,62,157,28,13,37,276,5,396,79,515,26,29,26,40,27,26,24,5,59,11,123,46,46,187,8,11,181
2011/12/28,54,22,294,302,4,56,28,26,47,82,30,32,2,70,40,19,13,206,37,83,10,12,17,100,441,118,17,3,46,3,82,47,283,25,24,33,307,1,428,71,789,33,17,28,45,35,26,20,7,104,9,102,45,40,160,9,12,135
2011/12/29,45,18,198,353,3,29,26,33,61,81,16,40,3,76,44,10,25,193,35,72,7,14,16,55,487,125,37,7,57,3,83,120,324,16,13,43,555,1,387,84,567,28,26,17,46,40,26,23,7,119,5,104,55,31,111,15,13,156
2011/12/30,64,38,312,464,6,39,61,20,61,121,12,33,3,101,35,17,18,128,30,61,13,12,15,56,667,136,24,3,53,2,96,99,373,22,20,35,324,1,429,51,583,24,33,8,27,47,24,17,6,109,9,118,33,56,184,11,11,176
2011/12/31,63,42,323,677,5,39,54,21,46,61,13,43,2,117,92,16,27,201,9,76,5,20,29,55,140,238,25,6,64,3,114,63,52,22,28,49,419,198,522,70,649,21,29,11,43,33,19,21,7,40,7,102,36,48,203,9,9,169
2012/1/1,68,24,442,425,2,31,15,15,60,83,12,65,2,39,82,30,51,210,6,67,3,23,61,51,286,315,26,5,79,4,121,43,86,19,19,49,682,73,850,75,636,29,21,16,62,30,30,18,4,261,8,104,42,62,160,27,7,254
2012/1/2,94,18,661,332,5,48,16,15,66,86,15,49,4,64,46,24,41,134,65,106,6,11,17,68,365,407,39,6,63,3,80,51,76,21,20,18,449,65,808,66,571,30,22,17,79,29,22,21,5,43,5,107,36,84,197,7,8,233
2012/1/3,56,15,684,292,4,68,20,15,58,117,17,56,3,71,47,31,42,124,95,102,4,9,27,98,343,181,31,4,74,2,95,53,132,25,25,36,701,52,422,76,501,30,23,26,42,28,23,23,5,308,5,149,52,86,172,11,11,159
2012/1/4,67,16,294,299,3,64,27,42,57,118,15,37,3,84,42,22,6,189,59,87,14,14,17,55,458,170,17,3,61,4,92,61,62,24,24,51,854,82,466,86,537,23,27,22,43,33,22,19,7,61,6,133,41,53,171,11,9,162
2012/1/5,56,17,328,518,3,40,28,39,143,144,16,34,2,69,39,20,9,283,72,52,6,9,21,58,680,171,11,5,60,3,97,75,52,20,16,56,401,124,452,71,642,37,20,22,23,31,27,18,4,51,7,173,42,178,188,8,11,144
2012/1/6,61,34,345,700,4,36,48,18,79,155,10,60,3,138,48,11,20,163,77,56,8,12,31,82,692,385,18,7,77,3,129,80,76,16,24,37,379,168,492,82,479,29,28,10,33,31,25,18,4,64,10,86,42,49,161,14,9,177
2012/1/7,69,18,302,685,3,35,21,18,93,71,12,78,4,119,100,45,29,124,77,58,6,21,55,77,74,604,33,7,96,3,154,42,115,22,19,27,239,181,641,89,643,22,30,9,40,42,30,21,6,40,6,134,52,165,159,8,13,148
2012/1/8,68,35,465,396,5,29,29,13,71,83,17,45,4,92,74,45,19,136,101,25,4,25,61,63,188,722,37,3,110,4,186,27,262,23,15,35,232,83,974,60,640,19,21,17,55,33,36,19,5,41,8,156,39,68,181,12,11,215
2012/1/9,83,23,737,377,4,49,24,25,64,84,15,10,4,68,56,11,10,104,64,38,6,18,16,131,493,351,13,7,76,6,91,39,224,33,22,36,168,89,821,61,685,26,19,19,35,36,36,23,6,66,5,119,37,41,175,9,10,165
2012/1/10,65,22,440,393,4,78,32,20,61,81,13,55,2,98,41,26,22,137,81,73,55,14,18,130,513,30,14,3,78,5,77,61,225,30,31,59,541,119,440,73,609,27,28,20,38,26,30,23,8,49,6,140,44,25,261,9,9,155
2012/1/11,54,37,269,396,3,56,47,42,59,77,15,60,3,55,42,22,24,146,56,71,19,6,27,103,587,3,43,6,81,2,74,48,216,44,31,23,941,176,438,56,567,24,20,23,47,42,26,24,4,308,8,119,54,67,165,13,11,181
2012/1/12,57,58,337,531,5,28,64,37,67,108,18,39,3,116,54,35,55,183,66,39,13,16,34,89,894,2,41,5,80,3,122,88,235,28,20,35,963,138,451,65,428,26,20,20,36,33,25,18,4,60,11,152,49,43,224,14,13,128
2012/1/13,59,92,246,922,4,28,95,22,60,56,14,62,3,146,52,11,50,166,84,71,11,20,27,81,316,62,19,7,68,4,114,91,255,26,14,31,724,201,492,75,774,33,21,15,48,31,29,21,5,50,10,162,50,49,190,17,12,212
2012/1/14,67,32,368,788,4,43,39,23,56,9,11,101,5,164,83,26,23,185,100,58,5,35,73,84,70,152,13,5,135,3,170,82,190,27,17,34,724,249,606,82,509,22,16,16,31,44,25,23,4,68,8,82,52,43,189,11,8,196
2012/1/15,128,19,505,52,4,26,23,27,68,57,15,55,4,86,80,28,24,154,52,79,7,30,58,90,464,286,9,4,97,2,164,76,60,39,19,16,585,254,895,91,638,27,23,14,37,34,22,21,6,56,7,80,45,53,192,9,10,220
2012/1/16,80,33,712,429,4,43,36,15,38,127,15,60,2,89,48,25,38,145,28,124,7,8,30,169,424,249,28,4,69,3,105,16,112,27,18,30,1397,252,906,91,863,25,20,21,39,35,27,19,5,77,6,100,54,47,120,13,10,204
2012/1/17,78,29,641,382,3,56,46,32,133,108,14,44,2,85,48,10,42,162,57,97,20,14,32,131,474,57,12,4,73,3,126,25,166,25,11,37,950,97,441,78,409,25,17,15,42,38,33,26,6,36,7,128,53,65,169,9,11,234
2012/1/18,77,23,373,290,4,35,43,49,32,175,12,64,5,105,43,41,27,164,102,56,20,14,27,101,686,123,16,5,72,2,127,50,89,28,30,40,765,99,508,72,603,30,24,19,32,40,31,20,7,56,8,148,41,56,186,14,13,122
2012/1/19,66,56,365,573,4,36,64,42,71,181,18,55,2,86,45,16,13,203,73,70,10,14,27,96,868,179,27,5,75,2,109,63,74,28,12,32,168,134,523,72,519,38,22,16,27,27,27,20,5,60,7,85,46,33,191,15,11,215
2012/1/20,66,93,381,932,5,36,63,16,49,155,13,52,3,157,47,13,14,177,67,48,10,14,30,80,628,160,18,5,85,3,122,52,75,26,27,23,1427,222,528,58,711,35,27,18,35,44,20,22,5,40,8,136,38,80,253,10,12,152
2012/1/21,77,29,394,126,4,34,55,9,69,103,17,110,2,115,105,39,34,137,107,57,6,33,59,90,130,114,18,6,98,2,172,42,79,31,26,22,531,141,663,70,597,32,19,18,36,31,25,21,6,77,5,160,41,72,153,19,10,181
2012/1/22,115,38,485,14,5,50,25,21,58,116,17,48,2,100,88,23,14,149,93,79,12,24,63,83,526,147,25,6,128,2,181,70,77,30,17,41,98,124,1024,52,555,31,23,14,33,34,30,23,5,271,8,116,50,55,145,16,11,175
2012/1/23,107,38,642,510,4,94,29,22,78,96,13,29,2,87,28,8,13,152,90,98,14,13,31,168,178,328,36,7,82,2,87,72,170,26,23,23,1499,144,806,76,710,28,20,19,41,36,27,21,8,271,5,141,48,71,144,10,10,155
2012/1/24,66,26,646,381,4,79,43,21,30,109,12,110,3,74,37,11,12,166,67,116,17,8,22,123,445,208,16,3,88,3,106,119,125,36,15,32,702,307,413,71,598,24,24,22,42,27,22,21,5,87,8,134,42,57,254,9,12,163
2012/1/25,64,16,351,610,4,43,42,35,47,144,14,58,2,88,47,14,8,173,72,96,18,8,19,95,948,30,21,6,65,3,95,86,46,26,13,18,1196,391,441,68,616,27,32,27,34,36,29,19,5,92,7,132,39,77,173,7,10,200
2012/1/26,87,44,341,777,2,37,40,21,70,144,15,80,3,83,46,25,6,175,76,81,3,10,19,108,788,173,33,5,77,3,108,94,39,26,21,25,1391,300,455,70,634,29,24,19,38,31,21,23,6,89,7,179,47,60,204,7,10,194
2012/1/27,75,52,256,838,3,42,56,15,80,90,15,46,3,126,87,17,21,171,87,74,16,32,27,75,234,186,14,5,78,4,141,69,56,26,18,15,833,260,588,83,478,34,27,18,43,27,21,21,4,68,6,139,44,50,189,10,9,171
2012/1/28,50,20,149,322,4,46,18,18,67,116,15,117,3,136,76,33,14,256,115,80,2,24,57,92,266,180,15,4,97,3,192,61,55,33,10,27,2237,196,939,70,615,33,29,20,34,36,28,21,6,57,9,145,36,51,202,9,9,130
2012/1/29,121,23,670,371,3,63,30,13,88,89,12,96,2,70,29,22,10,159,97,110,11,11,73,81,474,167,20,4,97,3,178,76,24,28,17,21,534,215,740,80,565,23,28,19,35,26,18,23,5,45,6,154,46,167,201,12,10,196
2012/1/30,113,24,650,278,3,102,29,14,63,87,11,60,2,83,29,41,8,189,79,86,8,10,24,145,304,180,25,4,72,3,113,78,114,31,23,18,111,286,388,59,590,31,25,17,29,32,24,20,3,260,6,196,54,39,196,12,11,193
2012/1/31,61,26,333,190,3,82,33,33,77,152,13,71,2,104,43,27,7,210,97,73,17,15,23,133,1307,73,35,5,78,4,131,37,99,24,17,27,564,204,381,51,512,27,32,21,43,29,22,24,8,108,6,111,59,63,156,8,9,206
2012/2/1,49,30,316,303,3,52,32,27,113,156,13,42,4,91,47,19,6,204,78,59,22,16,26,77,725,84,26,6,82,3,116,62,48,30,18,20,1488,131,459,69,638,28,25,18,29,26,21,19,7,55,7,89,43,47,115,7,8,182
2012/2/2,56,43,336,673,4,43,51,15,58,61,15,37,2,173,62,32,8,143,76,58,9,12,28,84,446,218,20,6,87,3,113,101,44,27,16,27,217,140,416,82,606,25,18,20,36,43,21,20,6,120,7,111,59,30,198,13,8,176
2012/2/3,91,45,301,408,4,46,42,11,48,76,14,23,2,91,79,60,12,95,109,57,8,27,57,84,379,124,13,6,105,5,172,49,50,28,17,27,90,253,659,90,554,31,27,22,43,30,33,20,4,103,8,114,54,78,126,12,10,164
2012/2/4,152,29,383,446,3,39,20,11,115,86,12,56,3,72,85,44,11,139,140,64,1,33,62,127,428,119,23,6,88,4,243,68,80,28,12,22,1,130,822,65,542,28,27,18,41,32,30,22,5,45,10,152,43,38,115,10,13,204
2012/2/5,69,15,604,363,3,70,19,21,69,83,13,63,3,80,48,24,5,191,93,101,2,8,21,154,386,93,9,4,66,1,125,48,105,31,23,21,107,123,758,54,550,21,21,18,39,25,25,22,5,90,7,154,50,53,197,11,11,243
2012/2/6,66,24,599,469,3,82,24,24,67,98,15,57,2,77,40,32,14,106,70,114,20,9,22,69,429,95,20,4,72,4,119,56,146,26,10,21,249,127,330,81,610,36,30,20,42,31,33,21,7,89,5,154,39,103,207,8,9,261
2012/2/7,69,16,294,643,3,95,37,34,38,160,12,59,5,42,37,48,7,164,64,71,19,15,26,110,858,225,30,4,80,2,103,70,69,35,20,28,201,264,349,63,552,27,20,16,45,31,20,22,4,100,9,107,54,144,162,7,10,191
2012/2/8,54,43,283,707,3,45,45,29,62,118,10,45,3,51,66,38,8,117,43,55,5,16,17,84,678,210,9,4,70,2,109,110,54,26,29,20,191,235,377,75,452,28,20,20,48,25,30,26,7,84,7,167,49,65,173,9,8,215
2012/2/9,54,42,302,799,3,33,54,11,95,56,16,58,2,143,54,44,7,187,71,43,4,14,33,70,183,209,13,6,83,3,116,83,49,28,24,20,78,377,539,70,469,26,31,16,41,37,23,20,6,272,6,181,43,66,174,13,11,164
2012/2/10,55,16,460,483,3,41,12,15,54,24,11,77,4,76,77,33,16,224,64,59,7,19,51,112,247,93,16,6,108,4,171,43,89,36,16,19,51,403,555,71,511,30,29,16,37,37,25,21,5,264,6,113,39,69,177,10,11,235
2012/2/11,118,16,383,448,3,36,27,11,56,74,16,73,3,82,96,32,16,181,101,57,6,15,54,90,585,158,14,3,112,2,192,47,67,27,18,24,739,169,702,55,562,34,18,15,42,29,22,23,7,91,5,130,46,64,176,5,8,162
2012/2/12,97,24,362,414,3,54,10,22,58,138,9,30,3,90,92,14,18,300,62,61,3,30,26,171,837,116,30,5,66,3,100,54,70,38,16,22,599,164,951,80,529,30,22,24,37,33,19,24,6,303,10,174,47,59,166,9,9,154
2012/2/13,66,21,613,613,4,86,17,26,49,74,14,59,2,87,78,4,20,180,62,70,29,19,22,129,703,157,20,5,81,3,97,62,56,30,19,23,294,161,870,68,556,30,26,22,34,32,19,19,6,57,5,163,46,56,159,7,9,219
2012/2/14,74,20,623,525,2,74,15,31,44,71,14,54,5,98,23,8,11,98,60,95,135,9,13,91,777,194,10,4,72,4,102,81,73,24,16,21,317,184,604,71,563,27,20,21,44,42,35,21,7,55,9,177,47,35,175,12,9,222
2012/2/15,45,54,481,753,5,38,46,58,61,170,13,65,4,94,30,9,13,129,75,73,11,9,25,69,727,293,12,5,69,3,154,91,90,35,21,22,272,277,235,58,599,26,19,19,39,28,18,21,3,96,7,151,45,168,193,19,9,158
2012/2/16,95,60,237,1439,3,45,34,56,54,143,14,47,3,95,45,42,20,274,63,59,10,18,23,100,531,268,30,5,55,2,107,95,66,26,11,19,435,341,253,76,663,27,27,17,35,30,26,26,6,61,8,159,44,67,174,8,11,253
2012/2/17,64,24,216,685,4,36,30,42,110,121,16,51,4,155,71,32,16,152,51,48,3,24,44,85,15,104,31,5,73,2,96,52,86,23,14,20,236,378,369,76,568,25,27,19,37,29,24,20,6,84,11,102,52,32,184,10,9,135
2012/2/18,70,26,327,495,3,53,16,15,115,76,14,102,2,157,42,36,26,212,83,48,10,8,63,84,158,155,20,4,98,4,152,41,77,30,20,23,192,158,488,84,572,26,18,19,30,43,25,18,6,39,11,134,43,28,214,7,10,178
2012/2/19,124,27,297,382,3,83,14,21,95,49,15,90,4,73,37,57,18,172,101,73,9,11,75,86,64,89,17,4,90,3,161,42,46,42,14,26,136,135,371,68,440,22,20,18,41,28,24,21,8,59,6,89,57,81,235,9,8,186
2012/2/20,133,47,341,423,4,72,34,11,50,97,16,83,3,80,41,32,17,135,61,65,9,9,44,151,16,151,15,7,108,4,130,72,80,31,26,20,121,143,349,76,600,28,24,17,34,24,28,19,5,91,9,157,54,40,137,10,10,170
2012/2/21,94,41,322,495,4,55,22,37,80,118,15,53,2,80,92,26,21,167,51,78,10,23,17,141,60,147,37,8,65,2,72,87,44,39,17,20,210,169,461,85,472,32,28,19,37,36,23,21,8,82,4,143,40,64,120,11,10,165
2012/2/22,64,50,370,692,4,31,52,8,68,117,12,30,2,83,118,10,10,129,52,40,20,25,9,114,4,203,36,4,91,4,84,81,77,40,25,24,490,221,756,75,589,35,27,17,38,27,18,18,5,51,7,154,51,54,184,11,11,196
2012/2/23,44,72,584,336,4,42,74,21,82,103,13,65,3,139,93,18,19,156,72,60,7,16,21,72,4,279,9,5,86,3,115,28,95,32,16,27,193,418,982,66,501,23,22,19,39,45,25,23,8,49,7,128,53,50,194,8,9,153
2012/2/24,39,87,711,394,4,35,81,13,68,74,19,66,2,86,90,19,22,196,94,82,2,16,41,74,505,272,21,4,101,5,120,32,57,49,13,27,172,166,902,76,485,18,22,18,37,27,19,20,5,54,6,106,35,42,167,14,12,121
2012/2/25,91,53,551,454,5,49,61,29,58,100,15,61,4,93,77,19,22,136,56,77,3,12,24,79,250,275,23,6,109,2,125,32,50,26,7,26,411,146,811,67,618,27,17,16,38,26,24,19,6,36,8,86,48,68,138,9,10,145
2012/2/26,78,16,579,723,4,95,18,46,60,63,15,34,3,92,83,20,21,112,60,66,3,6,23,110,252,294,30,5,89,3,93,37,93,24,11,19,239,144,747,72,640,29,16,20,39,33,25,18,5,36,6,156,43,66,190,17,10,159
2012/2/27,67,21,479,1068,4,78,18,38,68,45,14,43,3,103,87,11,16,128,60,64,9,17,15,86,251,294,18,4,97,2,96,33,48,23,30,24,216,165,746,62,594,24,22,20,48,30,25,17,5,98,9,107,47,41,162,6,9,158
2012/2/28,65,15,565,238,4,52,27,46,91,96,17,57,2,105,63,20,16,121,69,65,4,12,43,82,183,340,12,5,66,2,136,32,61,26,20,16,247,141,614,102,557,31,23,23,40,39,25,20,3,59,6,105,45,68,149,10,12,205
2012/2/29,98,36,475,620,4,45,37,55,55,113,14,73,3,131,40,32,18,145,73,77,4,11,49,102,151,281,18,5,102,2,168,27,72,23,18,26,237,167,581,53,640,30,30,16,33,34,30,22,4,66,7,115,40,23,239,7,8,291
2012/3/1,95,39,268,467,4,27,38,27,81,101,12,72,2,123,62,38,25,162,87,87,5,17,44,99,149,293,11,5,89,2,124,47,67,31,23,23,341,125,318,87,762,25,23,18,37,30,16,19,6,66,5,151,33,60,189,9,9,238
2012/3/2,98,16,342,448,4,54,33,23,76,74,12,71,2,105,117,45,13,137,47,63,8,21,41,117,317,262,34,5,76,3,104,36,42,32,14,33,166,154,404,83,501,25,34,17,31,29,33,20,6,64,6,123,32,53,171,8,9,179
2012/3/3,110,23,470,583,4,46,27,23,44,115,17,71,2,86,53,39,22,136,70,79,13,12,40,112,6,270,12,6,74,1,116,46,99,30,13,24,186,128,770,88,526,32,25,13,50,24,23,19,7,56,8,154,43,47,152,23,9,125
2012/3/4,89,27,609,431,4,68,42,15,86,93,15,62,4,130,52,17,18,134,53,105,7,11,28,128,1,258,13,5,92,2,122,47,81,28,13,25,213,144,453,48,602,32,25,26,38,35,22,18,5,51,9,105,38,44,123,10,10,247
2012/3/5,80,60,334,337,4,87,65,15,80,87,13,66,2,112,57,25,24,145,67,70,8,8,26,104,18,265,10,6,92,2,118,53,78,37,13,20,242,135,452,85,552,37,22,17,41,34,37,20,8,49,8,109,53,71,141,8,12,181
2012/3/6,110,53,413,523,4,102,59,16,34,170,16,61,3,126,43,37,15,170,104,68,9,9,35,88,36,279,13,5,112,3,156,29,82,33,18,12,248,143,419,73,605,33,24,20,33,30,16,18,5,269,11,156,49,171,153,8,10,253
2012/3/7,94,39,210,979,3,100,37,5,82,76,13,34,3,160,63,15,16,162,61,48,4,12,18,97,88,299,25,4,104,2,104,61,80,26,16,23,246,183,510,71,567,30,18,21,39,31,31,20,5,54,7,124,50,50,146,9,10,194
2012/3/8,79,43,406,407,4,38,53,12,129,142,16,49,1,190,104,6,20,139,81,37,3,21,18,111,31,340,21,6,86,5,119,28,60,33,16,28,184,129,608,75,491,31,23,18,38,33,23,23,5,66,6,124,46,72,168,9,9,254
2012/3/9,86,39,507,369,3,47,56,8,65,97,16,109,3,125,59,47,18,138,107,56,6,17,55,114,20,285,12,5,121,3,244,49,63,27,21,24,169,183,942,76,555,29,26,16,36,26,24,17,7,45,6,103,40,33,208,12,13,265
2012/3/10,102,38,670,366,5,42,33,9,56,63,11,49,2,104,37,30,18,117,90,80,3,2,28,119,8,332,24,9,98,2,106,28,69,25,11,21,424,145,787,73,493,26,22,18,37,36,25,21,7,70,10,107,53,164,169,7,9,144
2012/3/11,67,40,691,417,4,65,38,12,50,114,16,38,2,121,35,40,14,151,83,99,5,8,25,161,6,288,18,6,109,2,137,25,97,31,22,20,169,134,400,84,554,29,23,16,43,25,30,20,6,26,5,140,43,85,175,10,9,168
2012/3/12,91,25,324,552,4,45,38,12,70,145,17,40,2,107,53,12,24,168,56,66,15,7,20,96,24,283,11,6,106,4,116,35,73,30,13,24,239,141,416,65,720,28,31,13,34,36,25,19,7,50,6,134,50,173,159,16,9,197
2012/3/13,75,19,374,958,4,40,33,23,71,144,15,48,4,129,42,33,17,154,60,61,6,15,23,81,465,294,12,5,109,2,89,29,60,27,28,23,277,103,453,60,605,41,21,21,37,40,19,22,5,39,8,171,55,60,166,9,11,227
2012/3/14,71,66,249,789,3,51,59,14,89,106,9,52,3,169,64,18,18,156,56,56,2,18,22,90,241,267,10,4,119,3,119,35,67,30,19,20,501,126,496,79,586,26,28,22,37,36,36,19,5,37,4,144,46,206,279,11,10,158
2012/3/15,72,27,367,352,4,62,27,5,54,59,15,92,3,166,64,32,23,123,87,51,4,11,50,100,224,286,13,6,134,2,161,28,59,23,24,26,333,145,798,74,645,27,15,21,43,30,20,20,7,61,7,113,40,71,174,9,10,197
2012/3/16,114,23,434,377,4,70,42,7,75,32,12,70,4,103,65,14,20,307,105,45,19,8,49,115,208,369,11,5,132,4,176,32,54,34,14,27,288,167,953,62,505,27,19,21,36,34,31,21,6,87,7,108,44,76,172,10,8,178
2012/3/17,110,18,481,387,3,57,26,8,69,85,14,39,3,81,45,21,13,176,78,80,9,9,25,150,149,263,24,2,103,5,103,33,94,26,21,26,475,126,784,59,586,27,22,22,45,34,21,21,6,44,9,124,40,65,140,9,8,189
2012/3/18,55,24,692,392,5,70,28,12,37,130,12,36,3,98,24,3,17,125,61,107,50,12,18,129,233,257,38,5,96,2,106,42,57,27,24,25,380,151,365,90,746,27,23,19,34,34,18,21,6,78,7,100,56,188,156,18,10,185
2012/3/19,41,22,393,487,4,60,31,23,62,51,16,36,2,113,42,10,14,189,55,83,31,10,22,97,158,296,13,8,85,2,100,37,58,31,12,23,276,175,379,77,583,27,28,18,39,29,17,19,6,66,12,140,46,45,174,9,11,232
2012/3/20,64,43,302,715,3,68,59,17,93,62,15,42,2,136,42,8,11,273,66,49,20,9,25,78,164,306,32,5,80,3,105,39,77,35,19,23,349,163,413,86,508,28,23,16,41,40,26,23,5,44,9,159,49,32,146,6,10,153
2012/3/21,61,61,303,568,3,62,47,2,61,56,14,58,2,193,72,7,13,191,68,62,1,10,30,65,223,285,15,6,113,5,137,42,100,30,22,21,200,145,493,52,477,33,17,17,45,32,22,19,7,262,6,113,48,70,168,12,6,197
2012/3/22,52,22,395,235,4,60,26,1,94,6,14,70,1,43,89,19,20,175,88,49,1,16,35,94,206,309,35,7,155,3,145,51,44,28,11,22,432,127,804,77,589,22,25,23,40,32,31,19,6,36,8,129,39,51,164,9,9,169
2012/3/23,125,32,514,246,5,52,28,5,59,50,13,83,3,108,44,20,13,180,81,62,1,11,52,90,88,315,24,5,146,5,167,42,69,26,21,26,487,131,925,78,550,25,24,17,34,42,31,20,4,53,6,83,46,60,144,18,9,188
2012/3/24,136,27,729,337,5,63,21,4,91,105,13,24,2,104,43,8,20,135,62,90,3,6,21,96,160,266,15,5,108,3,74,40,83,29,24,20,313,133,391,81,519,39,27,15,43,35,21,22,7,99,9,166,44,34,200,7,10,203
2012/3/25,47,1,428,374,3,109,10,16,52,146,11,27,3,88,35,14,17,274,52,69,3,9,22,178,175,302,12,6,97,3,86,24,58,30,26,30,385,156,364,89,674,27,25,15,33,30,37,20,4,54,7,125,42,32,177,16,12,153
2012/3/26,36,20,473,545,3,55,27,18,94,167,13,40,3,35,43,7,15,167,64,53,2,12,21,88,233,305,30,7,98,2,83,36,37,21,17,24,265,141,436,83,571,31,20,18,34,43,25,23,6,44,10,106,31,83,240,10,10,215
2012/3/27,45,32,440,804,5,64,28,16,109,89,13,55,2,19,35,7,12,122,38,64,21,9,19,83,160,359,38,5,95,2,79,41,103,32,15,19,236,123,476,66,507,25,23,24,39,37,19,21,6,246,4,178,35,52,186,12,15,235
2012/3/28,17,22,342,237,4,51,36,21,106,92,16,57,3,125,43,74,17,150,68,57,21,12,19,73,111,308,17,2,114,2,120,27,82,26,22,20,292,186,413,71,550,34,30,21,39,35,22,19,7,62,5,133,32,46,214,21,10,215
2012/3/29,48,24,377,236,3,17,29,17,113,98,13,84,3,108,43,105,13,157,73,62,25,9,35,10,237,265,23,5,137,5,167,43,111,29,17,23,348,182,400,69,697,28,20,13,38,25,21,21,7,118,12,101,47,49,168,10,10,145
2012/3/30,59,25,479,193,5,35,26,19,75,76,11,46,3,93,30,17,13,293,53,62,15,6,22,73,329,277,26,5,66,2,96,42,82,28,17,24,349,149,372,78,528,30,24,14,37,37,26,22,5,120,9,132,35,45,300,11,8,221
2012/3/31,58,46,344,173,4,35,25,16,61,70,18,37,2,107,40,19,22,109,74,77,22,8,33,72,140,257,21,4,76,2,76,36,62,33,26,21,335,155,321,72,507,34,21,21,37,32,18,22,6,70,8,143,36,200,184,16,10,210
2012/4/1,45,16,454,247,4,37,29,12,62,101,12,45,2,81,35,29,20,154,60,60,21,7,19,71,120,297,14,7,62,4,95,39,75,31,25,25,340,145,367,86,538,25,22,17,38,29,28,19,4,80,6,125,49,43,154,11,10,199
2012/4/2,51,20,306,257,3,34,26,10,89,93,9,38,3,87,35,17,16,138,59,56,19,10,26,77,96,283,39,5,81,3,106,35,60,30,24,21,462,155,216,65,539,21,17,19,44,28,27,20,7,51,9,126,46,91,219,9,13,228
2012/4/3,45,21,367,262,4,47,30,16,75,99,18,48,3,93,43,23,19,85,62,60,28,9,24,78,230,345,16,5,65,4,95,32,80,31,15,20,499,150,484,58,579,32,24,21,39,33,27,22,4,99,7,153,40,13,226,9,11,237
2012/4/4,41,19,358,350,3,45,24,13,73,118,12,57,3,83,47,25,16,169,74,71,22,7,35,78,57,201,26,6,65,5,71,32,81,30,19,23,355,151,419,60,643,32,34,15,37,34,28,21,6,52,6,111,40,20,188,8,11,181
2012/4/5,52,26,467,176,3,37,25,14,118,101,19,40,4,94,52,29,14,117,63,56,26,15,34,93,137,245,15,7,57,3,101,45,92,33,21,22,286,141,420,69,610,28,28,22,41,43,26,20,4,40,5,185,43,165,153,9,13,177
2012/4/6,63,21,329,207,4,42,22,23,55,121,14,51,2,87,37,18,15,135,60,67,24,8,25,97,257,323,21,5,71,3,97,35,63,27,14,26,280,157,351,89,791,31,22,18,34,24,19,20,8,46,10,192,46,30,184,14,9,169
2012/4/7,49,26,376,238,4,41,25,19,65,101,15,36,3,89,35,20,22,145,61,65,16,10,33,75,113,263,13,4,67,2,99,34,53,25,18,22,253,200,362,70,423,26,26,21,37,38,21,18,4,87,4,155,38,113,189,8,10,184
2012/4/8,45,32,378,197,4,38,24,27,49,78,14,42,4,100,31,26,18,172,65,58,30,9,23,89,169,366,21,6,63,3,93,38,66,31,33,25,296,131,409,71,530,30,25,22,37,34,27,20,6,89,5,125,43,61,170,7,10,230
2012/4/9,67,20,392,223,3,42,25,12,54,102,16,42,3,92,46,25,22,120,54,68,20,7,24,80,150,305,9,5,62,2,87,26,76,37,12,19,316,139,328,87,676,33,26,17,31,31,24,21,8,292,7,110,55,36,207,6,11,223
2012/4/10,54,25,387,243,4,34,27,16,82,123,15,48,3,92,39,22,15,177,60,56,36,9,22,81,229,337,36,4,72,3,94,29,68,40,12,22,240,198,432,59,566,27,19,18,37,28,20,19,4,96,7,146,46,23,168,8,10,259
2012/4/11,64,54,436,185,3,37,31,23,80,83,13,37,3,108,34,32,25,145,55,57,17,15,23,92,186,286,18,5,63,4,99,28,51,25,16,26,361,135,417,70,530,31,31,17,39,31,23,23,6,33,8,199,46,156,258,10,10,145
2012/4/12,53,23,371,223,4,38,26,11,77,93,17,47,2,104,46,26,22,142,60,63,27,11,36,81,203,235,8,3,73,5,90,40,39,27,17,22,275,171,423,84,523,31,20,21,46,35,19,19,6,268,8,104,37,78,197,10,8,159
2012/4/13,57,15,394,166,4,42,21,11,44,125,14,44,3,95,29,24,16,143,61,57,17,10,27,76,110,282,13,4,57,3,108,27,64,27,13,15,250,154,466,77,638,17,26,18,38,43,24,18,8,39,8,118,44,155,138,30,8,150
2012/4/14,60,21,413,270,3,35,28,16,93,98,16,41,3,76,43,29,18,165,58,62,22,9,23,85,68,245,19,5,58,3,100,36,111,29,14,22,359,164,556,82,580,31,21,13,37,31,30,19,6,46,10,108,42,52,234,10,10,253
